timestamp_us,gyro_x,gyro_y,gyro_z,accel_x,accel_y,accel_z
8914612,-0.251807,-0.007727,-0.001466,-0.632069,2.557007,-9.691729
8914944,-0.047564,-0.036905,0.024115,-0.895431,2.973599,-9.696517
8915184,0.227426,0.021184,0.043700,-0.952892,3.035848,-9.605537
8915425,0.429538,0.007194,-0.003464,-0.986411,2.686294,-9.835381
8915670,0.382507,0.021184,0.024515,-0.823605,2.035071,-9.610326
8915929,0.057556,0.009726,0.062352,-0.766145,1.819593,-9.811439
8916184,-0.274723,-0.032908,0.133231,-0.967258,1.503559,-10.635044
8917419,-0.250075,0.003997,0.150285,-0.229843,2.312799,-10.840945
8917767,0.291244,0.152150,0.139227,-0.560243,3.495534,-10.793061
8918122,0.523732,0.174799,0.096593,-0.282516,3.447650,-8.667010
8918447,0.217833,0.110848,0.078740,-1.043872,1.441309,-9.557653
8918772,0.108184,0.097392,0.043833,-0.052672,1.977611,-9.064447
8919131,0.106985,-0.072611,0.140426,-1.819593,2.068590,-9.734824
8938381,0.023182,-0.033441,-0.036106,-0.598550,1.948880,-9.112331
8978404,-0.107784,-0.065816,-0.045698,0.019154,2.006341,-9.682152
9018425,-0.027046,-0.092995,-0.048363,0.057461,2.102109,-9.782708
9058418,0.058888,0.008394,-0.043700,-0.268151,2.035071,-9.974244
9098367,0.038637,0.005063,-0.049429,-0.521936,2.082955,-9.969456
9138369,0.033041,0.010259,-0.019985,-0.478840,2.097321,-9.883265
9179335,-0.055957,-0.021051,-0.031709,-0.378284,2.173935,-9.739613
9219333,0.052626,-0.005462,-0.048363,-0.493206,2.197877,-9.782708
9259322,-0.061020,0.011058,-0.020384,-0.368707,1.479617,-9.797073
9299356,-0.058622,0.016787,-0.016254,-0.464475,1.968034,-10.036493
9339346,-0.113513,-0.066216,0.010525,-0.545878,2.231396,-9.926360
9379353,-0.008926,0.032642,-0.001466,-0.296881,2.308010,-9.730036
9419344,0.005729,-0.013590,-0.014123,-0.110133,2.054225,-9.792285
9459357,-0.038237,-0.001332,0.024648,-0.598550,2.288857,-9.907207
9499372,-0.130966,-0.034907,0.029577,-0.464475,1.905785,-9.945514
9539386,-0.089265,0.011458,-0.045032,-0.430956,2.494758,-9.806650
9579426,-0.012124,-0.024781,-0.013590,-0.756568,2.322376,-9.983821
9619347,0.046098,0.011191,0.007194,-0.373495,2.102109,-9.816227
9659370,-0.036505,-0.150152,-0.027046,-0.507571,2.217031,-10.299856
9699383,0.108184,-0.060753,0.056357,-0.703895,1.833959,-9.911995
9739375,-0.168671,-0.128701,0.055424,-0.445322,2.188300,-10.793061
9779420,0.333611,-0.181861,-0.041701,-0.665588,3.284845,-11.271901
9819415,0.317623,-0.248876,-0.016654,-0.794875,2.183512,-11.496957
9859448,0.384905,-0.318423,-0.054758,-0.766145,2.801216,-11.070788
9899476,0.058222,-0.390234,-0.007594,-0.924162,1.206678,-9.749189
9939401,-0.159078,-0.371315,0.033175,-1.024718,2.169147,-9.069236
9980353,-0.145222,-0.276988,0.063551,-0.770933,2.446874,-8.695741
10020360,-0.077008,-0.121507,0.081538,-1.125275,2.705448,-8.987833
10059424,0.107384,0.000133,0.046631,-1.063026,2.456451,-9.437943
10099444,0.225694,0.017453,0.035440,-1.106121,2.537854,-9.686940
10140381,0.299637,0.067015,0.009593,-1.048660,2.264915,-10.055647
10179402,0.332545,0.087933,0.010658,-0.938527,2.073379,-9.969456
10220380,0.128968,0.067415,0.042234,-0.766145,1.867477,-10.093954
10260379,0.224228,0.073544,0.061553,-0.421380,1.465251,-9.868899
10300387,0.164141,0.208107,0.137894,-0.914585,1.637634,-10.386047
10340360,0.320688,0.124571,0.178397,-0.301669,1.704672,-9.782708
10380387,0.026913,0.064351,0.241681,-0.426168,1.283292,-10.055647
10420369,0.087933,0.058355,0.254338,-0.809240,1.470040,-9.902418
10460403,-0.111248,0.009726,0.280851,-0.086191,0.651223,-10.213664
10500492,-0.092862,-0.023315,0.393299,-0.359130,1.072602,-10.199299
10540396,-0.121773,-0.037571,0.454452,-0.430956,1.259350,-10.271125
10580382,-0.094194,-0.108184,0.449522,-0.565032,2.504335,-10.309433
10620387,0.048496,-0.087666,0.384239,-0.421380,1.853112,-10.141838
10660411,0.148553,-0.058755,0.417280,-0.684742,1.000776,-9.821015
10700389,-0.035173,-0.056090,0.388103,-0.603339,1.101333,-9.883265
10740412,0.075942,-0.020251,0.421943,-0.464475,1.460463,-9.758766
10780430,0.150951,0.002931,0.420478,-0.608127,1.709460,-9.840169
10820410,0.156014,0.041835,0.355328,-0.881066,1.709460,-9.782708
10860435,0.110582,0.104986,0.373847,-0.943315,1.446098,-9.830592
10901360,0.048763,0.110582,0.296839,-1.144428,1.465251,-10.002975
10940401,0.185458,0.267395,0.243014,-1.221043,1.551443,-9.911995
10981431,0.337741,0.235819,0.192919,-1.297657,1.182736,-10.457873
11021454,0.272591,0.186923,0.114979,-1.350330,1.355118,-10.141838
11061517,0.312561,0.259668,0.001066,-1.340753,1.441309,-10.165780
11101388,0.395031,0.171735,-0.120708,-1.254562,1.125275,-9.797073
11141392,0.228758,0.112714,-0.175732,-1.086968,1.268927,-9.983821
11181414,0.212104,0.043433,-0.255138,-1.029507,1.379060,-10.065224
11221416,0.143090,-0.010525,-0.323219,-0.833182,1.029507,-9.859323
11261527,0.120708,-0.127902,-0.423142,-0.746991,1.388637,-10.041282
11301436,-0.026513,-0.167738,-0.452587,-0.675165,1.273715,-10.228029
11341404,0.124838,-0.179329,-0.540386,-0.440533,1.364695,-10.328587
11381424,0.101256,-0.237285,-0.573161,-0.397437,1.115698,-10.170568
11421444,0.027579,-0.218100,-0.596876,-0.464475,1.163582,-10.108319
11461418,0.019052,-0.185591,-0.604470,-0.392649,1.082179,-10.299856
11501428,0.160144,-0.145888,-0.627253,-0.004788,0.852336,-9.825804
11541477,0.239017,-0.168005,-0.584752,0.076614,0.603339,-10.012551
11581437,0.141625,-0.109916,-0.557839,0.158017,0.081403,-9.883265
11621552,0.061686,-0.099524,-0.506545,0.383072,0.129287,-9.907207
11662385,-0.021983,-0.099524,-0.425541,0.627281,0.004788,-10.017340
11702369,-0.105386,-0.126969,-0.325884,0.550666,-0.014365,-9.955091
11742392,-0.010525,-0.063418,-0.218100,0.378284,0.148441,-10.055647
11782394,0.123372,-0.035173,-0.109516,0.440533,-0.086191,-9.825804
11822383,0.102055,-0.053959,-0.013057,0.225055,-0.177171,-10.098742
11862407,0.133631,0.010392,0.107651,0.335188,-0.215478,-10.002975
11902399,0.035173,-0.003198,0.246211,0.153229,-0.407014,-10.256760
11942422,0.017587,0.028378,0.325217,-0.225055,-0.019154,-10.347740
11982526,0.026513,0.086467,0.457649,-0.220267,0.000000,-10.534488
12022648,0.009992,0.060753,0.504014,-0.574608,-0.100556,-10.477027
12062533,0.165473,0.112047,0.555974,-0.407014,0.526724,-10.189722
12102459,0.114446,0.148153,0.523999,-0.665588,0.344765,-10.113108
12142479,0.175599,0.109516,0.532525,-0.608127,0.517148,-10.151415
12182404,0.221297,0.108850,0.543983,-0.617704,0.521936,-10.175357
12222454,0.074876,0.150018,0.503614,-0.991200,0.047884,-10.089166
12262412,0.170536,0.147620,0.439663,-0.952892,0.541090,-10.098742
12302413,0.208640,0.091397,0.456850,-1.034295,0.095768,-10.170568
12342503,0.048096,0.044899,0.388902,-1.350330,0.507571,-10.256760
12382430,0.275655,0.124838,0.309763,-1.288081,0.574608,-10.098742
12422422,0.183859,0.048363,0.128835,-1.369483,0.201113,-10.117896
12462553,0.149219,0.038770,0.064484,-1.584962,0.574608,-9.969456
12503390,0.160277,-0.021717,-0.066216,-1.307234,0.172383,-9.821015
12543382,0.034907,-0.021051,-0.160011,-1.063026,0.497994,-9.725247
12583398,0.015188,-0.035839,-0.227559,-1.144428,0.205901,-10.146626
12623467,-0.099124,-0.094861,-0.293109,-1.024718,0.421380,-10.055647
12663419,-0.010792,-0.121773,-0.415415,-0.785298,0.689530,-10.184934
12703397,-0.005729,-0.124971,-0.523599,-0.890643,0.354342,-10.223241
12743438,0.155214,-0.143890,-0.606469,-0.699107,0.373495,-10.165780
12783419,0.125504,-0.128168,-0.576225,-0.311246,-0.181959,-10.223241
12823506,0.114312,-0.156680,-0.604070,-0.512359,-0.033519,-10.419566
12863464,0.099124,-0.159211,-0.661626,-0.277727,-0.536301,-10.295067
12903435,0.072744,-0.144822,-0.631250,-0.158017,-0.541090,-10.314221
12943441,0.132565,-0.151484,-0.638711,-0.167594,-0.440533,-10.156203
12983472,0.068881,-0.166939,-0.569297,-0.287304,-0.565032,-10.347740
13023492,0.166539,-0.125371,-0.471372,-0.134075,-0.761356,-10.050858
13063654,0.139493,-0.110715,-0.466443,0.057461,-0.866701,-10.390836
13103447,0.062219,-0.092462,-0.385571,0.052672,-1.244985,-10.022128
13143490,0.113247,-0.064084,-0.305899,0.440533,-0.876278,-9.955091
13183421,0.041035,-0.049828,-0.150418,0.272939,-1.187524,-9.849746
13223480,0.092063,-0.005596,-0.059554,0.469264,-1.240196,-9.782708
13263468,0.025714,0.041035,0.051028,0.488417,-1.455675,-9.911995
13303431,0.017986,0.029178,0.150018,0.459687,-1.182736,-9.830592
13343439,-0.054358,0.102588,0.222230,0.272939,-1.101333,-9.921572
13383448,-0.068881,0.134297,0.336409,0.339977,-1.130063,-10.137050
13423518,0.005196,0.108051,0.433801,0.459687,-0.842759,-10.050858
13464406,-0.151351,0.073144,0.568764,0.282516,-1.154005,-10.031705
13504392,-0.188522,0.128568,0.627253,-0.143652,-0.502782,-9.993398
13544421,-0.138427,0.144556,0.696799,-0.172383,-0.416591,-10.012551
13584384,-0.188256,0.113913,0.739167,-0.550666,-0.488417,-10.304645
13624419,0.011325,0.075675,0.792459,-0.660800,0.028730,-10.639833
13664425,-0.006795,0.114046,0.779003,-0.814029,-0.124498,-10.553641
13704470,0.148420,0.139893,0.690138,-0.799663,0.296881,-9.758766
13744393,0.068614,0.170936,0.712521,-0.986411,-0.129287,-10.089166
13784394,0.021051,0.138560,0.607668,-0.943315,0.282516,-10.237606
13824388,0.192253,0.133764,0.598208,-1.029507,0.349553,-9.797073
13864422,-0.121507,0.122173,0.448456,-1.278504,-0.272939,-10.194510
13904385,-0.023582,0.111914,0.365587,-1.431733,0.732626,-10.165780
13944420,0.183859,0.132299,0.214369,-1.307234,0.272939,-10.242394
13984414,-0.098191,0.058622,0.114312,-1.503559,0.138864,-10.472239
14024671,0.170403,0.002265,-0.073277,-1.144428,0.919373,-10.117896
14064430,0.085668,-0.047430,-0.187590,-1.302446,-0.177171,-10.472239
14104459,0.283649,-0.055691,-0.286047,-1.134852,0.919373,-10.271125
14144457,0.064217,-0.134963,-0.397562,-0.943315,-0.536301,-10.323798
14184459,0.028778,-0.168404,-0.482963,-1.034295,0.512359,-10.189722
14224420,0.209440,-0.151750,-0.589681,-0.646435,-0.220267,-10.093954
14265467,-0.041302,-0.170136,-0.688006,-0.603339,-0.450110,-10.065224
14304462,0.094594,-0.147221,-0.740633,-0.474052,-0.124498,-9.983821
14345405,-0.025980,-0.159478,-0.773541,-0.349553,-1.082179,-9.979033
14385421,-0.044499,-0.148686,-0.754622,-0.124498,-0.440533,-10.093954
14425400,-0.010525,-0.135629,-0.745562,0.062249,-0.541090,-9.940725
14465418,-0.020917,-0.079806,-0.762482,0.038307,-0.646435,-10.156203
14505426,0.013590,-0.089132,-0.752757,0.229843,-0.723049,-10.122684
14545443,0.101655,-0.057289,-0.668688,0.387861,-0.766145,-10.050858
14585429,0.162942,-0.046631,-0.575159,0.593762,-1.163582,-9.931149
14625414,0.008793,-0.053692,-0.444859,0.761356,-1.244985,-9.940725
14665448,0.032775,0.007594,-0.350665,0.569820,-1.221043,-9.907207
14705399,0.081804,0.049562,-0.231822,0.248997,-1.388637,-9.763555
14745420,0.008926,-0.008527,-0.053959,0.287304,-1.766921,-9.787497
14785451,-0.028511,0.035306,0.061153,0.770933,-1.426944,-10.175357
14825431,0.033574,0.121374,0.190920,0.780510,-1.546654,-10.046070
14865431,-0.057689,0.043700,0.329081,0.541090,-1.628057,-9.935937
14905450,-0.157613,0.071412,0.437931,0.373495,-1.268927,-9.959879
14945447,-0.132565,0.051694,0.529195,0.397437,-0.976834,-10.012551
14985416,-0.118576,0.108717,0.605669,0.172383,-0.766145,-10.127473
15025482,-0.100723,0.070213,0.675349,0.033519,-0.517148,-10.180145
15065552,-0.062752,0.086600,0.704660,-0.143652,-0.909797,-9.945514
15105474,-0.015855,0.117910,0.723979,-0.067038,-0.344765,-10.022128
15145477,0.059954,0.150951,0.723312,0.033519,-0.483629,-10.017340
15185466,-0.216767,0.125770,0.694668,-0.335188,-0.287304,-10.160992
15225457,-0.120974,0.123905,0.668288,-0.483629,0.172383,-10.323798
15265468,-0.074743,0.124571,0.686541,-0.320823,0.038307,-10.175357
15305461,-0.117643,0.108317,0.576891,-0.248997,0.038307,-10.127473
15345490,-0.173734,0.062885,0.575293,-0.497994,0.086191,-10.127473
15385468,-0.162942,0.024781,0.497885,-0.392649,0.474052,-10.371682
15425446,-0.326150,-0.091263,0.445126,-0.761356,0.292093,-10.347740
15465473,-0.153349,-0.065417,0.329614,-1.115698,1.120486,-10.208876
15505475,-0.127502,-0.052760,0.184259,-1.086968,0.636858,-10.362105
15546407,-0.219565,-0.111381,0.064484,-0.976834,1.015141,-10.218452
15586410,-0.123505,-0.098591,-0.023848,-0.919373,1.379060,-10.232818
15626433,-0.124438,-0.078606,-0.120574,-0.761356,0.871489,-10.275913
15666473,-0.144956,-0.068348,-0.225694,-0.799663,1.168370,-10.113108
15706446,-0.067548,-0.116444,-0.331613,-0.622492,0.914585,-10.007763
15746440,-0.064217,-0.059554,-0.360923,-0.636858,0.948104,-10.208876
15786425,-0.089531,-0.097925,-0.425141,-0.660800,0.612916,-10.414778
15826468,-0.092063,-0.137495,-0.429404,-0.497994,0.708684,-9.964667
15866445,-0.085668,-0.112980,-0.423675,-0.435745,0.488417,-10.046070
15906491,-0.204377,-0.115911,-0.456051,-0.426168,0.770933,-10.381259
15946458,-0.140959,-0.094328,-0.439397,-0.656011,1.134852,-10.256760
15986448,-0.089665,0.100190,-0.457516,-0.464475,0.656011,-10.017340
16026442,-0.066349,-0.025447,-0.418746,-0.814029,0.660800,-10.505757
16066464,-0.110982,-0.044366,-0.424475,0.043096,0.588974,-10.089166
16106477,-0.324018,-0.048629,-0.373447,0.004788,0.378284,-10.170568
16146451,-0.181194,-0.041835,-0.336542,0.124498,1.134852,-10.299856
16186475,-0.091130,-0.080871,-0.324685,-0.086191,1.039083,-10.266336
16226473,0.133231,-0.018919,-0.262998,-0.110133,0.699107,-10.247183
16266473,-0.010259,-0.054092,-0.203311,0.004788,0.033519,-10.180145
16306445,0.078473,-0.062752,-0.091663,-0.110133,0.646435,-9.830592
16346433,0.009726,0.021850,-0.037038,0.062249,0.354342,-10.041282
16386442,0.090064,0.010259,0.065949,-0.086191,0.292093,-10.007763
16426492,0.012124,-0.003331,0.176931,-0.043096,0.344765,-9.931149
16466487,-0.071545,0.005596,0.182394,-0.100556,0.737414,-10.122684
16506477,0.044366,0.090064,0.246877,-0.143652,0.823605,-10.156203
16546523,-0.007061,0.032508,0.317490,-0.172383,0.699107,-10.232818
16586500,0.125237,0.070879,0.323885,-0.138864,0.857124,-10.079589
16626568,-0.006262,0.092462,0.413683,-0.373495,0.742203,-10.113108
16666612,0.226893,0.100590,0.449922,-0.354342,1.130063,-10.070012
16706503,0.210639,0.072345,0.417413,-0.598550,0.742203,-10.357317
16746454,0.065816,0.025314,0.465643,-0.641646,0.957681,-10.050858
16786474,0.099257,0.068481,0.394364,-0.770933,1.345541,-10.084377
16827431,0.152550,0.074876,0.405689,-1.010353,1.197101,-10.079589
16866592,0.026646,0.096326,0.320954,-1.321599,1.077391,-9.979033
16907455,0.198781,0.105253,0.254072,-1.158794,1.532289,-10.089166
16947424,0.110982,0.052493,0.172401,-1.053449,0.866701,-9.744401
16987446,-0.054225,0.097659,0.104187,-0.957681,1.388637,-9.883265
17027488,0.271792,0.078473,-0.053959,-1.000776,1.632846,-9.825804
17067448,0.121374,0.045565,-0.155481,-0.857124,1.292869,-10.199299
17107441,0.272325,0.027046,-0.278054,-0.847547,1.283292,-10.251971
17147495,-0.014655,0.006528,-0.333744,-1.058237,0.593762,-10.232818
17187479,0.057156,-0.009992,-0.463911,-0.948104,1.628057,-10.084377
17227627,-0.013723,0.007994,-0.536256,-0.723049,0.718261,-10.342952
17267498,0.055025,0.026779,-0.512141,-0.474052,1.187524,-10.275913
17307478,0.141891,0.033041,-0.643907,-0.383072,0.708684,-10.079589
17347471,0.057689,-0.001865,-0.655897,-0.196325,0.517148,-10.194510
17387484,0.202112,0.021450,-0.719848,0.114922,0.550666,-10.070012
17427552,0.023049,0.002665,-0.670153,0.258574,-0.047884,-10.228029
17467551,0.002665,0.054758,-0.636446,0.512359,0.181959,-10.390836
17507500,0.095527,0.006528,-0.537588,0.885855,0.454898,-10.668563
17547520,0.106851,-0.010925,-0.553975,1.053449,0.766145,-10.534488
17587554,0.314293,-0.031842,-0.566766,1.048660,0.866701,-10.352529
17627591,0.308164,-0.081404,-0.509476,1.436521,-0.225055,-9.840169
17667538,0.242081,-0.025980,-0.456717,1.316811,-0.430956,-9.701305
17707488,0.130167,-0.028245,-0.411018,0.770933,-0.081403,-9.911995
17748435,0.074077,-0.001599,-0.406622,0.430956,-0.368707,-10.007763
17787516,0.021184,0.001066,-0.406089,0.033519,0.205901,-9.945514
17827488,0.111515,0.087666,-0.406355,-0.100556,0.119710,-9.816227
17868481,0.165473,0.154815,-0.409153,-0.191536,-0.090980,-9.768343
17908465,0.032508,0.129900,-0.399960,-0.292093,-0.387861,-10.275913
17948510,0.065417,0.107917,-0.394364,-0.593762,-0.067038,-10.319010
17988494,-0.002798,0.090198,-0.447790,-1.465251,-0.617704,-9.236830
18028509,-0.001599,0.076608,-0.342538,-0.454898,-0.928950,-10.625467
18068469,-0.002265,0.018519,-0.269127,-0.574608,-0.651223,-10.481815
18108465,0.020518,-0.000799,-0.223562,-0.454898,-1.110910,-10.395624
18148480,0.107251,0.013057,-0.138694,-0.220267,-0.689530,-10.596737
18188547,0.256737,0.043966,-0.046364,-0.387861,-1.335965,-10.256760
18228475,0.161876,0.023315,0.146288,-0.038307,-1.091756,-10.084377
18268501,0.205443,-0.019052,0.228492,0.162806,-1.335965,-10.113108
18308474,0.148686,-0.001066,0.414216,0.512359,-1.680730,-10.204087
18348453,0.131233,-0.006129,0.578090,0.612916,-1.498770,-9.964667
18388485,0.026380,-0.083936,0.732106,0.368707,-0.842759,-10.160992
18428474,0.032242,-0.063285,0.764214,0.196325,-0.536301,-10.055647
18468509,0.140293,-0.025447,0.772342,-0.493206,-0.201113,-9.701305
18508466,-0.020518,0.013323,0.788196,-0.301669,-0.416591,-9.509769
18548487,-0.297106,0.049429,0.793525,-0.435745,-0.143652,-10.352529
18588516,0.032375,0.081271,0.755288,-0.972046,0.023942,-10.156203
18628559,0.176265,0.129101,0.614862,-0.239420,0.196325,-9.964667
18668504,0.198914,0.145755,0.534124,-0.837971,-0.373495,-9.629479
18708511,0.184126,0.144289,0.369717,-0.761356,-0.435745,-9.346964
18748518,-0.047963,0.176531,0.301769,-0.450110,-1.450886,-10.041282
18789478,-0.125770,0.137095,0.198248,-0.656011,-0.761356,-10.228029
18828540,-0.056090,0.185458,0.055025,-0.684742,-0.598550,-10.386047
18869446,-0.011058,0.097925,-0.084735,-0.110133,-0.670377,-10.630256
18908483,0.251141,0.113779,-0.235553,0.181959,-0.090980,-10.740389
18948522,0.212637,-0.051427,-0.406222,0.555455,-1.187524,-10.951078
18989483,0.198781,-0.098058,-0.482963,0.890643,-0.871489,-10.850522
19029585,0.408354,-0.147620,-0.589015,1.086968,-1.249773,-10.438720
19069476,0.253273,-0.190521,-0.670953,1.106121,-1.838747,-10.117896
19108663,0.265530,-0.138694,-0.621923,1.072602,-1.805228,-9.964667
19149476,0.299371,-0.195184,-0.565700,1.091756,-1.958457,-9.653421
19189506,0.137761,-0.168005,-0.517737,1.086968,-1.972822,-9.562442
19229465,0.174400,-0.101256,-0.453519,1.101333,-1.814805,-9.485827
19268529,0.172534,0.024648,-0.377444,1.019930,-2.394202,-9.078813
19309468,0.027179,-0.036239,-0.275522,0.766145,-2.394202,-9.481039
19349489,-0.037172,0.025447,-0.155747,0.636858,-2.188300,-9.466674
19389495,-0.130034,0.007461,-0.026113,0.914585,-2.159570,-9.634268
19429514,-0.079006,0.053292,0.108317,0.679953,-1.963245,-9.873688
19469483,0.034240,0.056757,0.185058,0.392649,-1.900996,-10.184934
19509457,0.046364,0.030776,0.327616,0.603339,-2.260126,-9.844957
19549474,-0.124438,0.025181,0.432868,0.325611,-2.379837,-9.825804
19589495,-0.181328,0.048763,0.470839,0.028730,-1.455675,-9.696517
19629493,-0.281651,0.061153,0.498152,-0.143652,-1.728614,-9.950302
19669528,-0.236619,0.094994,0.555308,-0.215478,-0.790087,-10.093954
19709522,-0.178796,0.118309,0.536389,-0.306458,-1.125275,-10.170568
19749497,-0.196516,0.068747,0.479366,-0.675165,-0.512359,-10.371682
19789543,-0.002798,0.068214,0.430603,-0.818817,-0.636858,-10.132261
19829523,-0.190521,0.050894,0.380642,-1.321599,-0.689530,-10.146626
19869550,-0.136828,0.078873,0.248077,-1.024718,0.114922,-9.964667
19909524,-0.113646,0.031043,0.222363,-1.077391,-0.421380,-10.362105
19949514,-0.043567,-0.001332,0.038371,-0.995988,-0.138864,-10.433931
19989652,-0.098191,-0.065683,-0.065816,-0.723049,-0.143652,-10.491392
20029594,0.035839,-0.065150,-0.198515,-0.483629,0.119710,-10.414778
20069521,0.170003,-0.141225,-0.314559,-0.450110,-0.426168,-10.223241
20109553,0.061819,-0.176798,-0.412750,-0.574608,-0.497994,-10.261548
20149515,0.241948,-0.148153,-0.509876,-0.402226,-0.220267,-9.888053
20189613,0.185858,-0.109783,-0.493089,-0.023942,-0.976834,-9.854534
20229548,0.085268,-0.132698,-0.532259,0.105345,-0.981623,-10.098742
20269517,0.033308,-0.082204,-0.554642,0.287304,-1.053449,-9.854534
20310459,0.056357,-0.101922,-0.556107,0.646435,-1.182736,-10.002975
20350464,0.157613,-0.049296,-0.518270,0.593762,-1.249773,-10.232818
20390518,0.258735,-0.047164,-0.489625,1.053449,-1.498770,-10.093954
20430474,0.079539,-0.004663,-0.421144,0.909797,-1.733402,-10.060435
20470462,0.007194,-0.039703,-0.326150,1.158794,-1.704672,-9.974244
20510462,0.051960,-0.005063,-0.231956,1.063026,-1.613692,-10.007763
20550461,0.042501,-0.016121,-0.113380,1.154005,-1.934515,-9.859323
20590576,0.016254,-0.036372,-0.000666,0.804452,-1.819593,-9.706094
20630470,-0.002665,-0.011191,0.166406,0.885855,-1.934515,-9.859323
20669536,0.007328,0.001466,0.264064,0.766145,-1.719037,-9.969456
20710482,-0.055025,0.015988,0.365720,0.612916,-1.742979,-10.117896
20750475,-0.043700,0.039836,0.486028,0.378284,-1.498770,-10.031705
20790525,-0.005462,0.058489,0.501616,0.612916,-1.450886,-10.046070
20830511,-0.157746,0.012257,0.599274,-0.153229,-1.594538,-10.031705
20870534,-0.104320,0.057423,0.605536,-0.244209,-0.521936,-9.902418
20910516,-0.062219,0.046764,0.558106,-0.708684,-0.986411,-10.271125
20950525,-0.152283,0.060620,0.573694,-1.120486,-0.134075,-10.146626
20990492,0.150285,0.091930,0.486960,-0.732626,-0.210690,-9.931149
21030571,0.121640,0.097925,0.381841,-0.986411,-0.569820,-10.098742
21070485,0.093129,0.009459,0.209706,-1.101333,-0.517148,-10.314221
21110501,-0.043833,0.007727,0.088466,-0.823605,-0.799663,-9.983821
21151495,-0.112580,-0.041701,-0.020651,-0.938527,-0.215478,-10.165780
21190563,-0.018519,-0.093795,-0.148420,-0.857124,-0.153229,-10.433931
21230529,-0.042634,-0.085934,-0.210106,-0.675165,-0.411803,-10.117896
21270563,0.042234,-0.118709,-0.333611,-0.641646,-0.234632,-10.074800
21310662,-0.004130,-0.093795,-0.398495,-0.464475,-0.588974,-10.108319
21350513,0.010392,-0.129900,-0.496420,-0.378284,-0.153229,-10.079589
21390554,0.090597,-0.115245,-0.549446,-0.253785,-0.708684,-10.113108
21430537,0.118443,-0.041435,-0.654299,-0.004788,-0.890643,-10.122684
21470544,0.153349,-0.071945,-0.643374,0.325611,-0.962469,-10.199299
21510532,0.177997,-0.023449,-0.578357,0.411803,-1.106121,-10.108319
21550538,0.072744,-0.042501,-0.542118,0.469264,-1.781286,-10.007763
21590544,-0.016254,-0.066616,-0.449922,0.842759,-1.656788,-9.883265
21630574,0.048763,-0.054225,-0.336276,0.914585,-1.628057,-9.911995
21670537,-0.029044,-0.005729,-0.216101,0.924162,-1.905785,-10.031705
21710520,-0.087799,-0.018253,-0.081271,0.780510,-1.968034,-9.835381
21750536,-0.058755,0.052360,0.032242,0.766145,-1.608904,-9.840169
21790603,0.100590,0.116311,0.179729,0.727837,-1.455675,-10.204087
21830527,-0.030776,0.064750,0.239683,0.924162,-1.800440,-10.065224
21870524,-0.118043,0.061953,0.338541,0.761356,-1.355118,-9.974244
21910570,-0.097792,0.086867,0.416881,0.550666,-1.288081,-10.199299
21950549,-0.124704,0.054758,0.440862,0.684742,-1.312023,-10.137050
21991507,-0.130700,0.075942,0.534524,0.316035,-1.441309,-10.366894
22031515,-0.187323,0.041835,0.606202,0.349553,-1.077391,-10.007763
22070619,-0.143490,0.092729,0.571962,0.129287,-0.608127,-9.974244
22111500,-0.170003,0.009459,0.560770,-0.062249,-0.794875,-10.261548
22151501,-0.300303,0.009060,0.537322,-0.459687,-0.325611,-10.553641
22191630,-0.106185,-0.028778,0.499884,-0.842759,0.411803,-10.223241
22271516,0.138960,0.029311,0.338141,-1.197101,0.234632,-10.184934
22431531,0.106585,-0.018386,-0.106052,-0.914585,0.000000,-9.916783
22471509,0.150418,-0.039436,-0.201312,-1.240196,0.205901,-9.993398
22511548,0.210505,-0.045565,-0.333744,-0.742203,-0.454898,-9.701305
22551547,0.018652,-0.103387,-0.377178,-0.799663,-0.502782,-9.825804
22591632,-0.085135,-0.124838,-0.502015,-0.727837,-0.311246,-10.309433
22631541,-0.015055,-0.070346,-0.605403,-0.493206,-0.081403,-10.194510
22671533,0.017720,-0.116311,-0.658695,-0.550666,-0.023942,-10.228029
22711546,0.184525,-0.112580,-0.728509,-0.296881,-0.301669,-10.208876
22751532,0.245545,-0.115645,-0.761683,0.263362,-0.536301,-10.266336
22791526,0.329747,-0.117110,-0.755821,0.177171,-1.259350,-10.156203
22831598,0.185458,-0.142824,-0.673750,0.215478,-1.599327,-10.146626
22871562,0.061286,-0.159345,-0.586351,0.488417,-2.054225,-10.338163
22951592,0.051827,-0.183193,-0.350931,0.588974,-2.102109,-10.232818
22991563,-0.029577,-0.162276,-0.214502,0.541090,-1.929727,-10.386047
23031611,0.138960,-0.110582,-0.109916,1.058237,-1.958457,-10.304645
23071568,0.160943,-0.065150,0.018253,0.804452,-1.929727,-9.696517
23111514,0.179596,0.000266,0.113646,0.593762,-2.130840,-9.777920
23151580,0.078473,0.007328,0.284449,0.718261,-2.173935,-9.610326
23191625,-0.064884,0.047697,0.413417,0.344765,-2.015918,-9.572019
23231564,0.038237,0.170669,0.542917,0.454898,-1.742979,-9.801862
23271568,0.052093,0.175865,0.599674,0.354342,-2.044648,-9.658210
23311579,0.035706,0.172135,0.736103,-0.201113,-1.350330,-10.055647
23351565,0.170136,0.143757,0.748626,-0.502782,-1.632846,-9.600749
23391568,-0.177997,0.129101,0.765147,-0.588974,-1.431733,-9.734824
23472530,-0.317357,0.141492,0.735037,-0.991200,-0.512359,-10.285490
23592510,-0.012923,0.086467,0.419012,-1.383849,0.268151,-10.290278
23631606,0.197982,0.075542,0.293109,-1.800440,0.277727,-10.189722
23672510,0.431669,0.063018,0.132165,-2.035071,-0.181959,-10.026917
23712501,0.011458,0.032242,-0.070746,-1.450886,-0.708684,-9.902418
23752517,-0.287646,-0.032908,-0.130966,-1.513135,-0.430956,-9.983821
23792538,-0.091796,-0.052626,-0.285648,-1.158794,0.124498,-10.443508
23832618,0.157080,-0.073410,-0.427006,-0.924162,-0.225055,-10.472239
23872540,0.052626,-0.075009,-0.527196,-0.656011,-0.732626,-10.472239
23912564,-0.025714,-0.105519,-0.638444,-0.373495,-0.612916,-10.175357
23952536,-0.146954,-0.158412,-0.583153,-0.502782,-1.082179,-10.189722
23992569,-0.228625,-0.108051,-0.612064,-0.378284,-0.474052,-9.868899
24032542,-0.032375,-0.078740,-0.612730,-0.225055,-0.421380,-9.988609
24072539,-0.032642,-0.099257,-0.605403,-0.043096,-0.866701,-10.017340
24112521,0.077541,-0.088599,-0.560904,0.014365,-0.641646,-10.060435
24152551,0.212104,-0.038371,-0.517737,0.148441,-1.340753,-9.983821
24192574,0.130966,-0.023449,-0.488426,0.474052,-1.441309,-10.290278
24232588,0.062086,-0.055957,-0.366919,0.612916,-1.671153,-10.084377
24272547,0.261533,-0.027312,-0.269927,0.536301,-1.417367,-10.213664
24312541,0.240616,0.073011,-0.193985,0.464475,-2.111686,-10.333375
24352524,-0.035706,0.008260,-0.024781,0.397437,-2.159570,-9.825804
24392560,0.003064,-0.011325,0.079139,0.368707,-1.728614,-9.921572
24432512,0.056623,0.081671,0.153216,0.584185,-1.915361,-9.792285
24472566,-0.086067,0.073943,0.283516,0.110133,-1.790863,-9.821015
24512531,-0.001865,0.133231,0.363188,0.253785,-1.335965,-9.945514
24552552,-0.019319,0.179729,0.428205,0.272939,-1.374272,-9.706094
24592532,-0.103254,0.180129,0.569031,0.105345,-1.379060,-10.127473
24632691,-0.041035,0.228492,0.564101,0.057461,-1.149217,-10.050858
24672623,-0.138161,0.140825,0.596077,-0.067038,-1.331176,-10.156203
24713537,-0.274723,0.120574,0.617793,-0.349553,-0.972046,-10.285490
24753551,-0.165207,0.121773,0.553309,-0.497994,-0.469264,-10.266336
24793544,-0.189721,0.055691,0.559172,-0.928950,-0.268151,-10.414778
24832548,0.016787,0.062086,0.458449,-0.962469,0.277727,-10.500969
24873532,0.005063,0.052227,0.379309,-0.890643,-0.225055,-10.079589
24913538,-0.025181,0.036372,0.262599,-0.962469,0.043096,-9.830592
24953561,-0.025980,0.009859,0.143890,-1.067814,-0.114922,-10.022128
24993520,0.018786,0.004397,0.035173,-0.909797,0.081403,-10.156203
25033540,0.020784,-0.049828,-0.072744,-1.158794,0.248997,-10.386047
25073564,0.094461,-0.058089,-0.193319,-0.895431,-0.086191,-10.266336
25113568,0.185858,-0.020518,-0.338541,-0.905008,-0.129287,-10.309433
25153607,0.140959,-0.106052,-0.407954,-0.746991,-0.430956,-10.223241
25193587,0.121107,-0.124704,-0.506812,-0.550666,-0.541090,-10.218452
25233595,0.144956,-0.098325,-0.554375,-0.478840,-0.636858,-10.180145
25273617,0.106851,-0.082870,-0.603937,-0.292093,-0.608127,-10.108319
25313586,0.148420,-0.143890,-0.653766,-0.191536,-0.526724,-9.840169
25353615,0.108850,-0.135763,-0.701596,-0.488417,-0.603339,-10.046070
25393590,0.115245,-0.063951,-0.740233,-0.210690,-0.517148,-10.065224
25433586,0.199980,-0.092995,-0.776338,-0.158017,-0.828394,-10.146626
25473648,0.174933,-0.091663,-0.762083,-0.028730,-1.268927,-9.892841
25513666,0.172401,-0.065550,-0.775139,0.134075,-1.307234,-9.911995
25553607,0.156680,-0.082870,-0.762882,0.416591,-1.589750,-9.931149
25593749,0.144689,-0.060354,-0.719982,0.407014,-1.862689,-9.988609
25633635,0.085401,-0.099524,-0.631250,0.694319,-2.111686,-9.974244
25673650,0.016920,-0.077674,-0.597009,0.842759,-2.087744,-10.218452
25714544,0.045565,-0.100590,-0.468441,0.699107,-2.331953,-10.041282
25754567,0.070746,-0.056623,-0.297372,0.742203,-2.389413,-10.050858
25793613,0.037838,-0.034374,-0.195583,0.991200,-2.226608,-9.902418
25833632,0.076075,0.033308,-0.065550,0.761356,-2.135628,-9.811439
25873614,0.074343,0.045965,0.112847,0.952892,-2.164358,-9.744401
25914578,0.097259,0.108583,0.229025,0.737414,-2.140416,-9.911995
25953585,0.179462,0.112181,0.270859,0.761356,-2.255338,-9.672575
25993566,0.036106,0.125770,0.427273,0.656011,-2.398990,-9.725247
26034541,-0.112847,0.088199,0.487227,0.737414,-2.322376,-9.950302
26074602,-0.193585,0.097392,0.539320,0.469264,-1.929727,-10.065224
26114542,-0.092196,0.104986,0.616195,0.536301,-1.675941,-10.132261
26154538,-0.175066,0.067681,0.697066,0.177171,-1.690306,-9.931149
26194549,-0.140692,0.051960,0.681478,-0.052672,-1.307234,-9.979033
26234588,-0.203844,0.123772,0.711055,-0.220267,-1.034295,-9.782708
26274630,-0.235953,0.061686,0.649236,-0.569820,-0.679953,-9.801862
26314591,-0.252873,0.019585,0.595677,-0.579397,-0.363919,-10.213664
26354573,-0.172401,0.058888,0.512407,-0.512359,-0.282516,-10.113108
26394604,-0.277787,-0.020251,0.427806,-1.077391,-0.641646,-9.883265
26434578,-0.259268,-0.011591,0.373447,-0.905008,0.114922,-9.921572
26474592,-0.379309,-0.095260,0.273391,-1.120486,-0.541090,-10.251971
26514657,-0.324951,-0.094194,0.087400,-1.230620,0.464475,-10.204087
26554614,-0.073144,-0.081538,-0.025314,-1.082179,0.392649,-10.534488
26594645,-0.027312,-0.075409,-0.141225,-1.115698,0.359130,-10.515334
26634602,0.174266,-0.118709,-0.239816,-1.091756,0.177171,-10.261548
26675544,0.022383,-0.125904,-0.315891,-1.063026,-0.162806,-10.304645
26715563,-0.074210,-0.149619,-0.374247,-0.684742,-0.248997,-10.055647
26755575,-0.044632,-0.152417,-0.426207,-0.756568,-0.325611,-10.295067
26795569,0.037571,-0.107651,-0.490025,-0.478840,-0.153229,-10.352529
26835546,0.071012,-0.111914,-0.482164,-0.521936,-0.502782,-10.184934
26875546,0.153882,-0.087799,-0.495753,-0.258574,-0.325611,-10.089166
26915574,0.042900,-0.096859,-0.493622,-0.339977,-0.905008,-10.132261
26955629,0.107118,-0.067681,-0.459914,-0.047884,-0.526724,-10.122684
26995564,0.258735,-0.067548,-0.425940,-0.004788,-0.948104,-9.873688
27035589,0.078606,-0.073810,-0.350798,0.143652,-1.101333,-10.007763
27075558,0.140825,0.007727,-0.267129,0.263362,-1.259350,-9.873688
27115551,0.046098,-0.040502,-0.158678,0.349553,-1.690306,-9.883265
27155600,-0.034240,0.017720,-0.058355,0.143652,-1.556231,-9.797073
27195562,-0.012391,0.065550,0.020251,0.392649,-1.221043,-10.046070
27235564,-0.057156,0.046897,0.124438,0.402226,-1.584962,-10.237606
27275552,-0.114979,0.005596,0.175332,0.158017,-1.307234,-10.189722
27315558,-0.153216,0.033708,0.215302,0.268151,-0.952892,-9.907207
27355609,-0.136429,0.036106,0.295107,-0.019154,-0.881066,-10.074800
27395600,0.062485,0.099257,0.431802,-0.134075,-0.569820,-9.907207
27435586,0.120308,0.104054,0.486827,-0.105345,-0.861913,-10.117896
27475585,-0.011325,0.103787,0.517204,-0.392649,-0.871489,-10.055647
27515572,-0.066882,0.104587,0.596343,-0.440533,-0.684742,-10.103531
27555597,-0.146688,0.082337,0.632315,-0.239420,-0.684742,-10.041282
27595629,-0.210239,0.058355,0.637112,-0.555455,-0.454898,-10.170568
27635760,-0.245145,0.046364,0.599674,-0.325611,-0.052672,-10.275913
27675694,-0.153616,-0.017054,0.530527,-0.531513,0.306458,-10.002975
27715664,-0.107384,0.016254,0.500550,-0.646435,0.368707,-10.146626
27755647,-0.239017,0.006662,0.425940,-0.775721,0.373495,-9.993398
27795607,-0.332945,0.034507,0.346002,-1.230620,0.727837,-10.180145
27835621,-0.053159,0.112447,0.273657,-1.110910,0.928950,-9.753978
27875595,-0.003597,0.057822,0.191587,-1.063026,0.363919,-10.117896
27915623,0.005729,0.063951,0.057423,-0.794875,0.608127,-10.261548
27956591,-0.092462,0.035440,-0.038504,-0.991200,0.507571,-10.477027
27996573,0.064217,0.010792,-0.166539,-0.861913,1.096544,-10.515334
28036599,0.138028,-0.009459,-0.255937,-0.555455,0.550666,-10.328587
28076555,0.081671,0.019718,-0.387303,-0.790087,0.814029,-10.333375
28116574,0.281251,-0.005995,-0.472838,-0.330400,0.287304,-10.304645
28156640,0.021983,-0.055957,-0.502548,-0.368707,-0.129287,-10.204087
28196587,0.069280,-0.044766,-0.541585,-0.450110,0.876278,-10.208876
28236631,0.085534,-0.063685,-0.602472,-0.306458,0.134075,-9.907207
28276647,0.011858,-0.104453,-0.617527,-0.258574,0.110133,-9.907207
28316577,0.106052,-0.074609,-0.650435,-0.454898,0.095768,-9.878476
28356615,0.029044,-0.050361,-0.684009,-0.363919,-0.004788,-10.084377
28396645,0.208640,-0.032908,-0.659628,-0.191536,0.062249,-9.988609
28436622,0.230357,-0.009726,-0.632449,-0.172383,-0.430956,-10.271125
28476599,0.301236,-0.039170,-0.639244,0.028730,-0.584185,-10.007763
28516598,0.295107,-0.005729,-0.547181,0.062249,-1.163582,-10.127473
28556636,0.319755,-0.006395,-0.501083,0.445322,-0.852336,-10.295067
28596619,0.273657,-0.048496,-0.423409,0.421380,-1.584962,-10.347740
28636611,0.069946,-0.106319,-0.253006,0.402226,-1.781286,-10.275913
28676595,-0.026646,-0.128568,-0.123372,0.521936,-1.517924,-9.696517
28716609,-0.081005,-0.071945,-0.040103,-0.081403,-1.264138,-9.892841
28756632,0.012923,-0.020118,-0.026113,0.253785,-1.149217,-9.691729
28796634,0.086334,-0.017986,0.073277,0.062249,-1.072602,-9.873688
28836598,0.111515,0.061553,0.175332,0.148441,-1.082179,-9.662998
28876620,0.244613,0.109116,0.243946,0.038307,-1.053449,-9.730036
28916597,0.423675,0.199980,0.312161,0.416591,-1.039083,-10.113108
28956624,0.777804,0.240616,0.457783,-0.335188,-1.125275,-9.610326
28996749,0.635113,0.247277,0.569697,0.114922,-1.934515,-10.539276
29036631,0.250874,0.174799,0.587150,0.038307,-2.758120,-10.419566
29076625,-0.309230,0.045299,0.673217,-0.004788,-2.159570,-9.701305
29117565,-0.221830,0.050361,0.678680,-0.052672,-0.852336,-10.055647
29156704,0.216501,0.092063,0.616328,-0.019154,-0.924162,-10.443508
29196630,0.377444,0.040769,0.609000,-0.162806,-1.714248,-10.644621
29237588,0.438198,0.093129,0.575159,-0.713472,-1.905785,-10.074800
29277585,-0.232622,0.036772,0.612064,-0.114922,-2.466028,-9.672575
29317575,-0.449522,0.026380,0.601672,-0.383072,-1.163582,-9.686940
29357642,-0.271525,0.040902,0.626054,-0.995988,-1.307234,-10.079589
29397600,-0.355594,-0.004530,0.544649,-0.885855,-1.460463,-10.165780
29437573,-0.201446,0.035440,0.378243,-0.588974,-0.292093,-10.711659
29477600,-0.081271,0.015322,0.335077,-0.636858,-0.656011,-10.687717
29517577,0.043433,0.041035,0.229824,-0.957681,-0.598550,-10.232818
29557592,0.173334,0.059288,0.152816,-1.154005,-0.914585,-9.768343
29597626,0.132965,0.092196,0.115911,-1.192312,-0.617704,-9.897630
29637582,0.086600,0.072078,0.010392,-0.967258,-0.919373,-9.279925
29677605,-0.088998,0.085668,-0.082204,-0.995988,-0.727837,-9.576807
29717587,-0.201446,0.052760,-0.226360,-1.010353,-0.742203,-9.835381
29757642,-0.057956,0.041568,-0.306965,-0.632069,-0.248997,-9.902418
29797616,-0.124838,0.079139,-0.383706,-0.344765,-0.699107,-10.208876
29837710,-0.368784,-0.038504,-0.448590,-0.478840,-0.928950,-10.132261
29877624,-0.475502,-0.002132,-0.485228,-0.641646,-0.488417,-10.175357
29917611,-0.167871,0.002531,-0.517470,-0.124498,0.253785,-10.290278
29957656,0.365587,0.031176,-0.577824,-0.531513,0.153229,-10.429143
29997618,0.511342,-0.012790,-0.679879,-0.100556,-0.742203,-10.424355
30037615,0.427006,-0.047430,-0.690671,-0.229843,-1.077391,-10.352529
30077638,0.458582,-0.099257,-0.663625,0.057461,-1.130063,-10.280702
30117664,0.464844,-0.126037,-0.662159,0.162806,-1.335965,-9.955091
30157673,0.526796,-0.085135,-0.606335,0.263362,-1.608904,-9.859323
30197633,0.497219,-0.119775,-0.543717,0.574608,-1.972822,-10.084377
30237679,0.262466,-0.163608,-0.463112,0.641646,-2.624045,-9.696517
30277629,0.100723,-0.146688,-0.433135,0.723049,-2.782062,-9.567230
30317611,-0.105119,-0.140293,-0.304567,0.986411,-2.973599,-9.552865
30357676,-0.041835,-0.062352,-0.188789,0.569820,-2.791639,-9.361329
30397636,0.001066,-0.049029,-0.013190,0.665588,-2.940080,-9.548077
30437611,-0.118176,0.004263,0.081404,0.588974,-2.997541,-9.643845
30477637,-0.183193,0.027179,0.215968,0.296881,-2.628834,-9.725247
30517616,-0.204776,0.057156,0.299371,0.306458,-2.351106,-9.677363
30557659,-0.099257,0.104720,0.390234,0.134075,-1.982399,-10.165780
30597668,0.059288,0.108317,0.443127,0.383072,-1.920150,-10.050858
30638635,-0.049296,0.078606,0.533058,0.272939,-2.149993,-10.156203
30677632,-0.186124,0.069547,0.579556,-0.047884,-2.221819,-9.964667
30717659,-0.278720,0.058089,0.600207,0.119710,-1.738190,-9.868899
30758641,-0.332545,0.064351,0.663625,-0.320823,-1.671153,-10.098742
30798615,-0.187456,0.014256,0.639377,-0.593762,-1.125275,-10.333375
30838766,-0.140559,0.067282,0.637112,-0.780510,-1.158794,-10.204087
30878592,-0.143090,0.042634,0.569297,-1.053449,-0.928950,-10.213664
30918621,-0.058489,0.028511,0.566499,-0.991200,-0.392649,-10.228029
30958645,-0.039703,-0.010925,0.458715,-1.130063,-0.521936,-10.041282
30998675,-0.013723,-0.027845,0.396763,-1.422156,-0.363919,-10.122684
31038623,-0.067149,-0.030510,0.247144,-1.197101,-0.134075,-10.199299
31078616,-0.003464,-0.105386,0.148953,-1.369483,-0.215478,-10.156203
31118629,0.093528,-0.061819,0.001865,-1.369483,-0.268151,-10.213664
31158709,0.101789,-0.126703,-0.143224,-1.264138,-0.541090,-10.184934
31198658,0.162009,-0.184525,-0.260867,-1.326388,-0.215478,-10.352529
31238644,0.178397,-0.209573,-0.384106,-1.197101,-0.478840,-10.041282
31278640,0.116577,-0.141358,-0.495753,-1.163582,-0.632069,-9.935937
31318673,0.069014,-0.134297,-0.542784,-1.106121,-0.785298,-9.806650
31358649,0.035440,-0.111115,-0.654565,-0.861913,-0.809240,-9.787497
31398673,-0.057556,-0.148553,-0.724512,-1.029507,-0.914585,-9.782708
31438745,0.017054,-0.142025,-0.768478,-0.521936,-1.067814,-9.787497
31478682,0.128302,-0.068214,-0.779403,-0.359130,-1.369483,-10.084377
31518680,0.104054,-0.097659,-0.759018,-0.335188,-1.651999,-10.180145
31558719,0.127769,-0.099524,-0.720381,-0.234632,-1.891419,-10.012551
31599611,0.102055,-0.128035,-0.656697,-0.023942,-2.030283,-10.031705
31638698,0.097525,-0.087133,-0.567832,0.086191,-2.178724,-9.892841
31678676,0.118576,-0.080738,-0.486028,0.100556,-2.365471,-9.993398
31719612,-0.102721,-0.101922,-0.402891,0.440533,-2.585738,-10.170568
31759630,-0.163208,-0.064351,-0.328149,0.368707,-2.317587,-9.739613
31799627,-0.034507,-0.036905,-0.201579,0.028730,-2.240973,-10.060435
31839599,0.101389,-0.024648,-0.102588,0.258574,-2.020706,-9.873688
31878725,0.067681,0.035839,0.064084,0.205901,-2.422932,-9.466674
31918657,0.007861,0.084602,0.131233,0.062249,-2.475605,-9.232041
31959608,-0.070613,0.090730,0.294041,0.148441,-2.308010,-9.868899
31999619,-0.102322,0.097126,0.365320,-0.047884,-2.102109,-9.758766
32039643,-0.096992,0.108051,0.424741,0.028730,-2.059013,-9.777920
32079639,-0.133098,0.110848,0.549046,-0.105345,-1.388637,-9.983821
32119627,-0.132565,0.147620,0.602338,-0.354342,-1.503559,-10.132261
32159633,-0.104853,0.121773,0.699730,-0.378284,-1.388637,-10.108319
32199625,-0.156547,0.122040,0.697332,-0.229843,-1.029507,-10.065224
32239644,-0.100057,0.111515,0.669354,-0.363919,-1.082179,-9.969456
32279665,-0.121107,0.095926,0.710789,-0.306458,-1.182736,-10.012551
32319646,-0.161210,0.045299,0.650168,-0.407014,-1.106121,-10.108319
32359674,-0.037438,0.150951,0.628985,-0.521936,-0.699107,-10.093954
32399662,-0.071412,0.087799,0.597009,-0.708684,-0.694319,-10.357317
32439645,-0.030643,0.098724,0.548380,-0.766145,-0.545878,-10.299856
32479643,0.059021,0.084735,0.485894,-0.761356,-0.383072,-10.285490
32519661,-0.001199,0.028645,0.342804,-1.134852,-0.162806,-10.544065
32559644,0.084469,0.034507,0.247943,-1.154005,-0.162806,-10.180145
32599665,0.124038,0.005196,0.110182,-1.216254,-0.311246,-10.122684
32639654,0.134297,0.001998,-0.040103,-1.110910,-0.277727,-9.959879
32679670,0.053959,-0.055025,-0.195450,-1.364695,-0.268151,-9.940725
32719650,0.086201,-0.034240,-0.295907,-1.244985,-0.244209,-9.940725
32760625,0.038504,-0.057822,-0.401293,-1.225831,-0.268151,-10.213664
32800581,0.020651,-0.096593,-0.506812,-0.957681,-0.636858,-9.706094
32840624,-0.050628,-0.090064,-0.561037,-0.713472,-0.507571,-9.988609
32880624,0.055025,-0.048096,-0.625521,-0.727837,-0.670377,-10.127473
32920635,0.130167,-0.061553,-0.657763,-0.612916,-0.818817,-10.060435
32960623,0.089798,-0.099657,-0.755021,-0.277727,-1.278504,-10.208876
33000632,0.012657,-0.116178,-0.743697,-0.263362,-1.149217,-10.524911
33040603,0.080205,-0.195717,-0.682810,-0.110133,-1.398214,-10.457873
33080652,0.044499,-0.194384,-0.657363,0.019154,-1.714248,-10.055647
33120615,0.066349,-0.133498,-0.555974,0.023942,-1.896208,-9.911995
33160653,0.071545,-0.186257,-0.531060,0.076614,-1.814805,-10.012551
33200624,0.025714,-0.145888,-0.423809,0.019154,-1.987187,-9.983821
33240636,0.040103,-0.098058,-0.335210,0.023942,-1.891419,-9.888053
33280617,0.010126,-0.056757,-0.198248,-0.038307,-2.082955,-9.797073
33320632,0.006395,-0.101123,-0.125770,-0.023942,-2.154782,-9.773131
33360631,0.025714,-0.021583,-0.015588,0.014365,-2.130840,-9.797073
33400625,-0.038770,0.061153,0.044632,0.023942,-2.035071,-9.888053
33440606,-0.009060,0.021051,0.171735,-0.287304,-1.886631,-9.868899
33480634,0.011058,0.041435,0.228225,-0.244209,-1.666364,-9.868899
33520609,-0.025447,0.039303,0.329081,-0.205901,-1.819593,-9.854534
33560648,-0.054625,0.054492,0.374913,-0.277727,-1.517924,-10.141838
33600737,-0.024381,0.037704,0.416081,-0.325611,-1.316811,-10.113108
33640673,0.026779,0.081138,0.422077,-0.488417,-1.235408,-10.108319
33680634,-0.015988,0.078207,0.452320,-0.593762,-1.000776,-10.031705
33720653,0.000799,0.061020,0.441262,-0.646435,-0.770933,-10.122684
33760633,0.074876,0.072744,0.382507,-0.699107,-0.699107,-9.998186
33800645,0.128968,0.076608,0.308430,-0.330400,-0.579397,-9.911995
33840653,0.189322,0.160943,0.269527,-0.100556,-0.545878,-10.280702
33880678,0.325617,0.157746,0.166273,-0.129287,-0.713472,-10.055647
33920655,0.036106,0.102322,0.053559,0.095768,-1.120486,-9.662998
33960661,-0.322020,0.037038,-0.007594,-0.339977,-0.905008,-9.624691
34001652,-0.222496,-0.030110,-0.087266,-0.541090,-0.383072,-10.093954
34040723,0.012524,0.001466,-0.142824,-0.526724,-0.689530,-10.156203
34081659,-0.033574,-0.018519,-0.183459,-0.584185,-1.139640,-10.438720
34121660,0.177997,0.024515,-0.142824,-0.617704,-1.283292,-10.500969
34161731,0.214636,0.035306,-0.102322,-0.727837,-1.709460,-10.261548
34201626,0.124838,0.122040,-0.044499,-0.900220,-1.503559,-10.299856
34240663,0.170403,0.121507,0.070746,-0.981623,-1.632846,-10.117896
34281622,0.108583,0.027979,0.195051,-0.775721,-0.967258,-10.228029
34321653,0.130966,0.036106,0.250342,-1.321599,-1.503559,-10.199299
34360765,0.166139,0.030110,0.350265,-1.470040,-1.312023,-9.758766
34401654,0.062752,-0.025181,0.430070,-1.589750,-1.192312,-10.194510
34441675,-0.073011,-0.008926,0.387436,-1.221043,-1.177947,-10.251971
34481681,0.116844,0.020118,0.335743,-0.584185,-1.225831,-10.304645
34521652,0.021850,-0.060087,0.238351,-0.186748,-1.580173,-9.979033
34561689,-0.042900,-0.185458,0.147487,-0.354342,-1.934515,-10.409989
34601642,-0.061686,-0.156680,0.031576,0.134075,-1.695095,-10.103531
34641646,-0.012124,-0.165340,-0.085801,-0.272939,-1.848324,-10.290278
34681672,-0.015455,-0.201979,-0.158145,-0.177171,-1.776498,-10.242394
34721759,-0.135230,-0.208773,-0.195051,-0.287304,-1.790863,-10.165780
34761724,-0.029577,-0.230357,-0.273257,-0.172383,-1.982399,-9.801862
34801672,-0.053292,-0.122306,-0.318289,-0.148441,-2.102109,-9.203311
34841687,0.149219,-0.121107,-0.344403,0.047884,-2.140416,-9.102755
34881702,0.077807,-0.078606,-0.255804,0.435745,-2.523489,-9.720459
34921700,-0.018119,-0.048363,-0.221031,0.301669,-2.576161,-9.586384
34961669,-0.123239,-0.013190,-0.153083,0.488417,-2.389413,-9.528923
35001680,0.018652,0.017453,-0.049828,0.229843,-2.068590,-9.969456
35041654,0.057423,0.043833,-0.002265,0.430956,-2.293645,-9.782708
35081673,-0.057156,0.060087,0.098991,0.019154,-2.303222,-9.744401
35121711,-0.041302,0.068081,0.175199,-0.287304,-1.896208,-9.806650
35161849,0.001066,0.089665,0.201446,-0.689530,-1.685518,-9.686940
35201661,0.019718,0.150685,0.218366,-0.766145,-1.680730,-9.964667
35241700,0.019452,0.116311,0.243014,-1.106121,-1.541866,-10.204087
35281700,0.022116,0.137361,0.318689,-1.125275,-1.254562,-10.122684
35321731,0.120308,0.130966,0.294974,-0.814029,-1.441309,-10.137050
35361693,-0.046897,0.132832,0.284315,-0.794875,-1.604115,-10.065224
35401687,-0.113513,0.086734,0.249009,-0.723049,-1.110910,-9.749189
35441667,-0.113380,0.113513,0.175332,-0.689530,-0.943315,-9.825804
35481683,-0.103121,0.055557,0.164274,-0.761356,-1.244985,-9.682152
35521770,-0.145222,0.069147,0.135096,-0.713472,-1.422156,-9.878476
35561702,-0.089398,0.076208,0.084602,-0.708684,-1.249773,-10.026917
35601686,-0.019052,0.024515,0.052360,-1.039083,-1.221043,-10.587160
35641679,-0.059155,0.006662,0.074210,-1.158794,-1.010353,-10.553641
35682643,0.039969,-0.042900,-0.028911,-1.436521,-0.407014,-10.989386
35722667,0.030110,-0.032508,-0.155481,-1.398214,-0.852336,-10.127473
35762658,-0.009992,-0.044632,-0.210505,-1.575385,-0.670377,-10.026917
35802655,0.018919,-0.036905,-0.255937,-1.527501,-0.818817,-10.002975
35842653,0.050495,-0.077141,-0.356793,-1.067814,-0.852336,-9.859323
35882645,-0.015855,-0.070746,-0.380642,-1.268927,-0.948104,-9.921572
35922692,-0.095793,-0.159877,-0.385038,-1.063026,-1.072602,-10.194510
35962672,-0.006395,-0.148553,-0.356260,-0.684742,-0.780510,-10.165780
36002661,-0.037172,-0.180262,-0.392632,-0.536301,-1.264138,-10.347740
36042675,-0.021317,-0.188922,-0.351597,-0.201113,-1.211466,-10.180145
36082668,-0.064351,-0.178397,-0.338940,-0.383072,-1.450886,-10.026917
36122740,0.039170,-0.162142,-0.314293,-0.320823,-1.182736,-9.873688
36162753,-0.026247,-0.131766,-0.252740,-0.426168,-1.450886,-9.777920
36202697,0.000533,-0.084069,-0.217966,-0.407014,-1.398214,-9.816227
36242661,0.041435,-0.030510,-0.128302,-0.421380,-1.312023,-10.084377
36282676,-0.009593,-0.042234,-0.099923,-0.287304,-1.704672,-9.840169
36322713,-0.036905,-0.046364,-0.063152,-0.656011,-1.484405,-9.773131
36362673,0.021583,-0.063551,-0.033175,-0.598550,-1.422156,-10.065224
36402673,-0.020118,-0.071279,0.062885,-0.603339,-1.532289,-10.055647
36442691,0.043300,-0.028911,0.072078,-0.828394,-1.259350,-10.002975
36482694,0.108983,-0.035972,0.112047,-0.890643,-1.264138,-10.137050
36522728,0.218100,-0.019452,0.118576,-1.230620,-1.177947,-10.184934
36562679,0.108184,0.016654,0.140426,-1.613692,-1.048660,-9.993398
36602714,-0.007727,-0.025181,0.091530,-1.422156,-1.130063,-9.548077
36642680,0.034640,0.036505,0.038904,-1.584962,-0.608127,-9.696517
36682722,0.055424,0.018786,-0.061819,-1.608904,-0.818817,-9.888053
36722847,0.157746,-0.006662,-0.124172,-1.244985,-0.512359,-10.251971
36762755,0.141358,0.013456,-0.227959,-1.120486,-0.871489,-10.108319
36802690,0.052360,-0.091397,-0.238750,-0.962469,-1.197101,-9.959879
36842726,0.063685,0.002665,-0.273923,-0.823605,-1.316811,-10.151415
36882714,0.049029,-0.043034,-0.301902,-0.646435,-1.604115,-10.132261
36922713,0.146155,0.025314,-0.244479,-0.464475,-1.781286,-9.993398
36962775,0.015055,-0.061686,-0.214502,-0.153229,-2.169147,-10.151415
37002718,0.036106,-0.063418,-0.206508,-0.052672,-1.843535,-10.093954
37042746,0.002132,-0.051028,-0.105519,0.158017,-2.188300,-10.017340
37082733,-0.015188,-0.085668,-0.020651,0.052672,-2.035071,-9.988609
37122775,-0.041968,-0.020118,0.048763,-0.138864,-1.953669,-9.993398
37162728,0.028778,-0.033041,0.108850,-0.234632,-1.790863,-9.878476
37202712,0.000666,0.022916,0.213303,-0.181959,-2.106898,-9.811439
37242716,-0.007994,0.037038,0.274590,-0.359130,-1.781286,-9.782708
37282722,-0.014922,0.075142,0.307764,-0.387861,-1.766921,-9.777920
37322750,-0.076874,0.124971,0.357326,-0.435745,-1.728614,-9.768343
37362755,0.043034,0.183859,0.447923,-0.775721,-1.422156,-9.619903
37402723,-0.029844,0.150551,0.410885,-1.015141,-1.671153,-9.639056
37442749,-0.138161,0.176931,0.414349,-1.244985,-1.154005,-9.792285
37483678,-0.307764,0.219565,0.390634,-1.656788,-1.048660,-9.835381
37522740,0.005329,0.238217,0.295240,-1.805228,0.167594,-9.988609
37563695,0.258202,0.243413,0.175466,-1.125275,-0.900220,-10.328587
37603701,-0.042634,0.113913,0.112314,-1.350330,-0.919373,-10.046070
37643690,0.113247,0.077141,0.049296,-1.355118,-0.407014,-10.165780
37683693,0.053426,0.051028,0.005729,-1.177947,-0.967258,-10.342952
37723733,0.006129,-0.029178,-0.076475,-1.340753,-0.526724,-10.395624
37763706,-0.023982,-0.028778,-0.170936,-1.043872,-0.881066,-10.127473
37803694,-0.004796,-0.042501,-0.226227,-0.852336,-0.627281,-10.290278
37843707,-0.025847,-0.076608,-0.256603,-0.766145,-0.909797,-10.319010
37883687,0.016387,-0.096193,-0.301636,-0.574608,-1.024718,-9.897630
37923749,0.030510,-0.127636,-0.350265,-0.469264,-1.187524,-10.117896
37963701,0.030643,-0.127769,-0.327482,-0.359130,-1.412579,-10.180145
38003725,-0.032775,-0.121907,-0.342271,-0.641646,-1.235408,-10.141838
38043713,0.090730,-0.136429,-0.321620,-0.239420,-1.225831,-10.093954
38083715,0.074743,-0.114312,-0.277787,-0.210690,-1.484405,-10.208876
38123729,0.028112,-0.112447,-0.295374,-0.287304,-1.618480,-9.935937
38163705,0.088066,-0.077807,-0.181461,-0.167594,-1.800440,-9.926360
38203763,0.064217,-0.027179,-0.133231,-0.009577,-1.948880,-10.084377
38243723,0.005329,-0.068081,-0.057156,-0.038307,-1.814805,-10.084377
38283782,0.120041,-0.017720,-0.058222,-0.105345,-1.556231,-9.888053
38323773,0.044100,0.019985,0.055691,-0.181959,-1.781286,-9.945514
38363697,0.039570,0.004397,0.123639,-0.330400,-1.699883,-9.476251
38403719,-0.042634,0.074876,0.149619,-0.383072,-1.541866,-9.797073
38443763,-0.046498,0.138427,0.242348,-0.301669,-1.565808,-9.782708
38483845,-0.061819,0.115911,0.326816,-0.416591,-1.489193,-9.725247
38523800,-0.004130,0.158812,0.288312,-0.454898,-1.393425,-9.605537
38563711,-0.108051,0.099657,0.361723,-0.651223,-1.426944,-9.979033
38603758,-0.083136,0.122972,0.373580,-0.689530,-1.163582,-10.098742
38644682,-0.086201,0.111781,0.348799,-0.924162,-1.072602,-10.137050
38684687,-0.019052,0.108317,0.307764,-0.828394,-0.746991,-10.266336
38723741,0.003331,0.058089,0.339074,-0.823605,-0.991200,-10.290278
38764737,-0.049296,0.035839,0.263665,-1.130063,-0.861913,-10.065224
38804684,0.055025,0.031043,0.254072,-0.914585,-0.727837,-10.261548
38844685,0.039170,0.038637,0.148286,-1.091756,-0.804452,-10.261548
38884686,0.126037,0.020917,0.111515,-1.043872,-0.411803,-10.180145
38924747,0.013323,-0.027979,0.060087,-1.168370,-0.742203,-9.892841
38964691,-0.001466,0.003064,-0.063152,-1.221043,-0.177171,-9.878476
39004757,0.020384,-0.035706,-0.144423,-1.115698,-0.837971,-10.007763
39044711,-0.059421,-0.053159,-0.211838,-1.139640,-0.847547,-9.888053
39084760,0.017720,-0.020118,-0.271925,-0.818817,-0.656011,-10.041282
39124772,-0.058888,-0.081804,-0.316158,-0.905008,-0.794875,-10.189722
39164730,0.081538,-0.070746,-0.332412,-0.756568,-0.742203,-10.204087
39204757,0.014389,-0.073410,-0.366919,-0.565032,-1.350330,-10.146626
39244713,-0.036106,-0.110582,-0.352930,-0.493206,-0.857124,-10.065224
39284717,0.056490,-0.102721,-0.372648,-0.301669,-1.383849,-10.093954
39324750,0.014522,-0.055691,-0.334144,-0.311246,-1.182736,-10.050858
39364728,0.020917,-0.093795,-0.350665,-0.306458,-1.517924,-9.983821
39404723,0.017453,-0.049962,-0.317490,-0.248997,-1.460463,-10.041282
39444727,0.094194,-0.064617,-0.281384,-0.019154,-1.374272,-10.113108
39484752,0.009992,-0.043567,-0.210905,-0.239420,-1.814805,-9.993398
39525738,-0.025181,-0.054225,-0.142824,0.143652,-1.541866,-10.141838
39565689,0.024515,-0.000933,-0.106585,0.033519,-1.853112,-10.046070
39604766,0.053026,0.008527,-0.028112,0.086191,-1.752556,-9.931149
39644760,0.085401,0.078074,0.077274,0.134075,-1.699883,-10.002975
39684754,0.037172,0.048763,0.074876,-0.205901,-1.728614,-9.782708
39724760,0.126170,0.102188,0.217966,-0.440533,-1.283292,-9.749189
39765695,0.090730,0.111648,0.238884,-0.301669,-1.575385,-9.969456
39805700,-0.053692,0.100456,0.272191,-0.598550,-1.675941,-9.849746
39845702,-0.042101,0.107917,0.305899,-0.268151,-1.273715,-9.864111
39885726,-0.094994,0.128701,0.363188,-0.430956,-1.144428,-10.165780
39925718,-0.060620,0.086201,0.310162,-0.483629,-1.206678,-10.070012
39965711,-0.014655,0.083136,0.357593,-0.699107,-0.991200,-10.180145
40005716,0.000933,0.127502,0.277787,-0.723049,-1.019930,-9.988609
40045720,-0.036106,0.049828,0.273124,-1.019930,-1.168370,-10.098742
40085755,-0.015988,0.093528,0.259135,-0.814029,-0.952892,-10.199299
40125745,0.007194,0.048230,0.128168,-0.986411,-0.809240,-10.347740
40165741,-0.011591,-0.021983,0.082470,-1.005565,-0.818817,-10.448297
40205721,0.040636,-0.020251,-0.001599,-0.948104,-0.632069,-10.218452
40245747,0.121907,-0.004663,-0.041168,-0.799663,-0.732626,-10.390836
40285738,-0.024648,-0.099391,-0.106452,-0.842759,-1.091756,-10.275913
40325826,-0.001599,-0.068614,-0.160144,-0.900220,-0.727837,-10.132261
40365740,0.054891,-0.129101,-0.190521,-0.881066,-0.694319,-10.309433
40405772,0.027046,-0.133764,-0.234887,-0.952892,-0.574608,-9.811439
40446705,-0.054492,-0.146688,-0.337075,-1.125275,-0.809240,-9.715671
40485755,0.056090,-0.077141,-0.404490,-0.809240,-0.723049,-9.758766
40526721,-0.029444,-0.041568,-0.399827,-0.675165,-1.086968,-9.816227
40566735,-0.037438,-0.058089,-0.426340,-0.608127,-0.981623,-9.883265
40606733,0.002132,-0.084469,-0.419279,-0.248997,-1.235408,-10.424355
40646733,-0.120574,-0.112980,-0.410219,-0.272939,-1.259350,-10.591949
40686717,0.020651,-0.128302,-0.365320,-0.153229,-1.197101,-10.242394
40726722,0.029444,-0.116977,-0.300703,0.076614,-1.900996,-10.141838
40766724,-0.108184,-0.120974,-0.219299,-0.186748,-1.642422,-9.940725
40806733,0.004663,-0.098724,-0.177064,-0.023942,-1.460463,-9.916783
40846770,-0.027579,-0.027712,-0.031043,-0.062249,-1.733402,-9.844957
40886737,-0.071279,0.000133,0.020518,-0.081403,-1.474828,-9.648633
40926808,0.014389,0.047564,0.109649,-0.023942,-1.335965,-9.926360
40966726,0.006395,0.079273,0.151217,0.129287,-1.757344,-9.873688
41006747,-0.061153,0.091397,0.269660,-0.033519,-1.230620,-9.959879
41046767,-0.059155,0.084469,0.308430,-0.095768,-1.335965,-9.763555
41086746,-0.081538,0.147620,0.399161,-0.253785,-1.393425,-9.787497
41126778,-0.105119,0.130833,0.455518,-0.306458,-0.794875,-10.074800
41166755,-0.049429,0.147620,0.508677,-0.502782,-0.804452,-10.055647
41206730,0.018386,0.115645,0.522400,-0.914585,-0.440533,-10.127473
41246750,0.105519,0.135896,0.483363,-0.900220,-0.718261,-9.950302
41286759,0.213703,0.166672,0.462446,-1.091756,-0.268151,-9.327810
41326800,0.499750,0.261933,0.392899,-1.005565,-0.402226,-10.251971
41367766,-0.155881,0.130034,0.338541,-1.235408,-1.249773,-10.371682
41406757,0.027046,0.143224,0.232089,-1.101333,0.167594,-10.620679
41447735,0.042368,0.151750,0.189188,-0.924162,-0.636858,-10.414778
41487718,-0.106851,0.034907,0.144423,-0.737414,-0.517148,-10.314221
41527933,-0.076475,0.009060,-0.024914,-0.885855,-0.191536,-10.314221
41567738,0.013190,-0.046631,-0.090864,-0.756568,-0.584185,-9.983821
41607746,-0.091397,-0.160810,-0.187856,-1.053449,-0.301669,-10.223241
41647750,-0.039303,-0.110715,-0.275522,-0.919373,-0.234632,-10.098742
41687741,0.037571,-0.129234,-0.341338,-0.905008,-0.258574,-10.141838
41727776,-0.013856,-0.161876,-0.418613,-0.790087,-0.651223,-10.079589
41767755,0.059288,-0.104587,-0.437132,-0.512359,-0.689530,-10.060435
41807774,0.073943,-0.111115,-0.457383,-0.272939,-0.991200,-10.237606
41847799,0.042101,-0.142957,-0.453386,-0.162806,-1.154005,-10.180145
41887773,0.082870,-0.113913,-0.485894,-0.402226,-1.268927,-10.065224
41927767,0.106985,-0.117910,-0.403691,-0.100556,-1.321599,-10.333375
41967780,0.038504,-0.120441,-0.356660,-0.043096,-1.527501,-10.093954
42007840,0.057556,-0.103121,-0.278853,0.071826,-1.465251,-9.859323
42047774,0.106718,-0.029311,-0.193985,-0.028730,-1.781286,-9.811439
42087797,0.078873,0.010525,-0.125904,0.162806,-1.786075,-9.825804
42127792,0.043433,0.006129,-0.031043,0.043096,-1.704672,-9.744401
42167782,0.030243,-0.022516,0.051028,-0.028730,-1.594538,-9.859323
42207789,0.039436,0.071545,0.114312,-0.038307,-1.632846,-9.763555
42247800,-0.028911,0.101256,0.200513,0.186748,-1.675941,-9.835381
42288722,-0.085668,0.114579,0.302168,-0.095768,-1.517924,-10.060435
42328747,-0.020917,0.132032,0.382240,-0.177171,-1.244985,-10.074800
42368761,-0.033974,0.135896,0.413949,-0.272939,-1.077391,-9.993398
42408722,-0.040636,0.122306,0.423942,-0.407014,-0.938527,-9.926360
42448730,-0.125637,0.107118,0.330547,-0.689530,-0.632069,-10.031705
42488765,-0.031309,0.122440,0.335343,-0.972046,-0.521936,-10.122684
42528782,-0.088199,0.113646,0.307764,-0.766145,-0.809240,-10.093954
42568812,-0.115645,0.072744,0.214902,-1.307234,-0.545878,-10.151415
42608755,0.022383,0.053026,0.176265,-1.110910,-0.368707,-10.271125
42648766,-0.079672,0.018253,0.105652,-1.225831,-0.756568,-10.228029
42688814,-0.156014,-0.031709,-0.048496,-1.264138,-0.555455,-10.462662
42728774,0.013057,-0.150951,-0.120574,-1.374272,0.047884,-10.496181
42768796,0.161609,-0.109383,-0.255671,-1.154005,-0.541090,-10.256760
42808799,-0.017587,-0.109916,-0.299104,-1.249773,-0.387861,-10.309433
42848799,0.136695,-0.118176,-0.362123,-1.019930,-0.114922,-10.165780
42888796,0.100057,-0.150152,-0.392632,-0.718261,-0.608127,-10.012551
42928790,0.086201,-0.104720,-0.460314,-0.459687,-0.962469,-9.878476
42969729,-0.020784,-0.189188,-0.415548,-0.378284,-0.780510,-10.002975
43008808,0.085534,-0.117776,-0.451254,-0.100556,-0.823605,-9.888053
43048790,0.021983,-0.095660,-0.368917,-0.067038,-1.479617,-9.806650
43089816,0.027979,-0.019452,-0.345735,-0.129287,-1.177947,-10.070012
43128946,0.052893,-0.046764,-0.260201,0.153229,-1.795651,-9.902418
43169764,0.069014,-0.049828,-0.232755,-0.047884,-1.752556,-9.821015
43208814,0.037038,0.018652,-0.146554,0.162806,-1.757344,-9.926360
43249743,0.057156,0.006395,-0.035306,-0.234632,-1.623269,-9.916783
43289786,0.022783,0.013323,0.059288,0.062249,-1.489193,-10.012551
43329771,-0.041168,0.042767,0.097659,-0.253785,-1.474828,-9.959879
43369812,-0.027845,0.082603,0.140159,-0.368707,-1.388637,-9.945514
43409733,0.020784,0.064750,0.181994,-0.191536,-1.058237,-10.026917
43449740,0.041435,0.111248,0.264730,-0.292093,-1.201889,-9.878476
43489803,0.003597,0.108717,0.300570,-0.493206,-0.938527,-10.204087
43529794,0.073277,0.087400,0.303900,-0.708684,-0.775721,-10.429143
43569787,0.094328,0.093662,0.266862,-0.794875,-0.703895,-10.146626
43609761,0.144689,0.047031,0.187456,-1.034295,-0.866701,-9.782708
43649785,0.051294,0.049429,0.166539,-1.101333,-0.656011,-10.141838
43689882,0.111515,-0.001732,0.096326,-1.163582,-0.459687,-9.854534
43729796,0.111914,-0.057023,-0.074343,-1.077391,-0.737414,-9.983821
43769834,-0.015721,-0.084202,-0.107518,-1.010353,-0.536301,-10.098742
43809835,0.094594,-0.136162,-0.220231,-1.235408,-0.464475,-9.983821
43849848,0.032508,-0.169737,-0.239683,-1.139640,-0.842759,-10.103531
43889930,-0.062485,-0.186923,-0.311894,-0.861913,-0.948104,-9.811439
43930749,-0.081804,-0.166672,-0.328815,-1.005565,-0.885855,-10.041282
43969810,0.030110,-0.121773,-0.381041,-0.656011,-1.086968,-10.055647
44010738,-0.033708,-0.067415,-0.375712,-0.770933,-1.288081,-9.883265
44050785,0.027845,-0.121240,-0.393565,-0.517148,-1.240196,-10.280702
44090769,0.017986,-0.081671,-0.314026,-0.186748,-1.613692,-10.261548
44130787,0.033041,-0.070213,-0.325884,-0.052672,-1.766921,-10.184934
44170756,0.069946,-0.059954,-0.191320,0.368707,-2.011129,-10.093954
44210740,0.021850,-0.053959,-0.131499,0.311246,-2.092532,-9.744401
44249793,0.011724,0.005862,-0.065283,0.167594,-1.953669,-9.821015
44289915,-0.067548,0.042368,0.066882,0.339977,-2.102109,-9.864111
44329778,0.014522,0.041568,0.152550,0.114922,-1.853112,-9.955091
44370790,0.060221,0.093795,0.278720,-0.100556,-1.608904,-10.026917
44410805,-0.024115,0.112314,0.345069,-0.186748,-1.666364,-9.859323
44450763,-0.067815,0.152150,0.419412,-0.407014,-1.393425,-9.888053
44490805,0.021850,0.148553,0.508810,-0.684742,-1.431733,-9.792285
44530779,0.025314,0.122972,0.481098,-0.598550,-1.268927,-10.213664
44570771,-0.068614,0.155881,0.488026,-0.694319,-1.216254,-10.108319
44610801,-0.027979,0.117377,0.521734,-0.756568,-0.746991,-10.089166
44650764,-0.003064,0.128568,0.508810,-0.995988,-0.737414,-10.060435
44690869,-0.010792,0.152150,0.445259,-1.015141,-0.823605,-10.137050
44730785,-0.068481,0.034640,0.360657,-1.264138,-0.488417,-10.117896
44770790,-0.086067,0.021983,0.333877,-1.312023,-0.512359,-10.122684
44810793,-0.048096,0.009193,0.206775,-1.355118,-0.148441,-10.347740
44850809,-0.024648,-0.048096,0.125237,-1.120486,-0.330400,-10.251971
44890824,-0.106585,-0.087000,-0.010925,-1.388637,-0.296881,-10.170568
44930806,0.001865,-0.124172,-0.076475,-1.288081,-0.124498,-10.050858
44970858,0.007328,-0.132832,-0.196783,-1.067814,-0.383072,-10.175357
45010884,-0.033441,-0.099657,-0.273657,-1.235408,-0.373495,-10.137050
45050797,0.033441,-0.121907,-0.347867,-0.799663,-0.565032,-10.342952
45090821,0.078740,-0.162409,-0.373714,-0.550666,-0.991200,-10.213664
45130814,0.052360,-0.116977,-0.407021,-0.526724,-0.909797,-10.060435
45170930,0.184259,-0.094194,-0.352796,-0.110133,-1.527501,-9.931149
45211756,-0.009726,-0.025181,-0.363588,0.052672,-1.589750,-10.137050
45250788,0.022649,-0.045432,-0.265130,0.253785,-1.527501,-9.907207
45290806,0.186790,0.078074,-0.205043,0.407014,-1.465251,-9.921572
45330803,0.070346,0.066083,-0.127236,0.699107,-1.800440,-9.758766
45370786,0.144023,0.184792,-0.012923,0.608127,-1.757344,-9.921572
45410795,0.151084,0.185325,0.091130,0.814029,-2.126051,-9.979033
45450877,0.136962,0.221830,0.185058,0.646435,-1.963245,-10.074800
45490863,0.158678,0.230623,0.278453,0.919373,-2.130840,-10.261548
45530822,0.153882,0.264064,0.300037,0.814029,-2.106898,-10.012551
45570862,0.222629,0.336409,0.300303,0.981623,-1.982399,-10.405201
45610852,0.199580,0.334677,0.259135,0.981623,-2.035071,-10.199299
45650808,0.214636,0.355594,0.225427,0.967258,-1.944092,-10.338163
45690947,0.287247,0.351331,0.163874,0.584185,-1.996764,-10.194510
45731801,0.438597,0.361323,0.124038,0.459687,-1.857901,-10.175357
45770846,0.394897,0.422210,0.079939,0.814029,-2.542642,-9.998186
45810845,0.326283,0.432069,0.102188,0.790087,-2.322376,-9.653421
45850887,0.367185,0.421677,0.177064,0.933739,-2.475605,-9.370906
45891064,0.281518,0.457116,0.111381,0.699107,-2.643199,-9.528923
45931866,0.149485,0.276055,0.266995,0.526724,-2.949657,-9.888053
45971820,-0.080205,0.216900,0.272991,0.316035,-2.825158,-9.945514
46011784,-0.054891,0.145888,0.372248,0.004788,-1.996764,-10.132261
46051826,0.145888,0.116844,0.381974,-0.378284,-2.566584,-9.907207
46091772,0.077008,0.130567,0.422210,0.148441,-2.576161,-9.979033
46131775,-0.017720,0.038770,0.440729,0.536301,-2.849100,-9.821015
46171820,0.157080,-0.025447,0.382507,0.507571,-2.418144,-9.744401
46211804,0.177597,-0.061686,0.343470,0.780510,-2.935291,-9.476251
46251825,-0.131499,-0.100323,0.346668,0.541090,-2.901773,-9.744401
46291817,0.029044,-0.205443,0.363988,-0.110133,-2.231396,-9.605537
46331820,-0.039703,-0.146421,0.326017,-0.205901,-2.815581,-9.179369
46371811,-0.111115,-0.174133,0.310828,-0.100556,-2.145205,-9.035717
46411825,-0.060354,-0.125237,0.237818,-0.009577,-2.557007,-9.212888
46451810,-0.229957,-0.073277,0.178263,-0.359130,-2.226608,-8.853758
46491829,-0.036239,-0.025980,0.174400,-0.138864,-2.154782,-9.203311
46531820,-0.195051,-0.040103,0.121107,0.201113,-2.432509,-9.198523
46571833,-0.140293,0.008127,0.028778,0.191536,-1.570596,-10.271125
46611810,-0.225294,-0.037172,0.078207,0.368707,-2.049437,-10.304645
46651822,-0.066882,-0.054758,-0.019452,0.320823,-0.914585,-9.902418
46691814,0.114179,-0.029577,-0.067282,0.220267,-2.078167,-9.682152
46731856,-0.182127,-0.078606,-0.124704,0.162806,-1.489193,-9.610326
46771834,0.099124,-0.040103,-0.137495,0.248997,-1.537078,-10.486604
46811810,-0.088466,-0.078873,-0.132832,0.272939,-2.092532,-9.830592
46851802,-0.044499,-0.081671,-0.144556,0.124498,-1.359907,-9.572019
46891839,0.226227,-0.040902,-0.147487,0.220267,-1.704672,-9.964667
46931923,-0.021583,-0.123905,-0.134297,0.033519,-2.059013,-9.447520
46971844,-0.224228,-0.071545,-0.069680,-0.105345,-2.585738,-9.634268
47012814,-0.353729,-0.092196,-0.027712,0.023942,-1.446098,-10.098742
47051821,-0.325750,-0.074077,0.006662,0.181959,-1.455675,-10.151415
47092778,-0.150551,-0.080205,-0.055691,0.330400,-1.144428,-10.180145
47132843,-0.028911,-0.092329,-0.022116,0.301669,-1.695095,-10.658986
47172831,-0.231289,-0.100323,-0.002132,0.114922,-1.685518,-10.477027
47212802,-0.091796,-0.067948,-0.007594,0.019154,-1.403002,-10.007763
47252773,-0.119242,-0.045165,-0.010658,0.282516,-2.068590,-9.998186
47292807,-0.095127,-0.007061,0.046098,-0.062249,-1.599327,-9.624691
47332847,-0.062086,0.003997,0.091530,0.033519,-1.690306,-9.897630
47372818,-0.286714,-0.021051,0.068481,0.004788,-1.771709,-10.208876
47412831,-0.223296,-0.042767,-0.005063,-0.143652,-0.914585,-10.103531
47452815,-0.081138,-0.007594,0.029178,0.038307,-1.383849,-10.098742
47492826,-0.123639,-0.008527,0.022649,-0.124498,-0.881066,-10.232818
47532819,0.087266,-0.033175,-0.007194,-0.110133,-1.077391,-10.113108
47572871,-0.009859,-0.021450,-0.018386,0.071826,-1.063026,-9.940725
47652850,-0.357859,0.069147,0.018386,-6.794745,-7.115568,-9.165004
47692862,-0.106185,0.006129,0.034907,0.608127,-1.192312,-11.171345
47732899,-0.274190,-0.041968,0.090597,0.339977,4.841076,-8.537724
47772806,0.558639,0.037172,0.012524,0.000000,0.311246,-10.984597
47812846,-0.050628,-0.061420,-0.003331,-0.076614,-2.944868,-10.663775
47852845,-0.033574,-0.061953,0.018919,-0.205901,2.786851,-9.064447
47892833,0.180662,0.025314,0.029977,-0.426168,-0.617704,-10.453085
47932830,0.087266,0.002132,0.038904,0.081403,-1.470040,-10.189722
47972895,-0.008127,0.000266,0.025047,-0.292093,-0.095768,-9.107543
48012848,-0.142824,-0.001332,0.058489,0.239420,-0.344765,-8.686164
48052925,-0.109783,0.131233,0.092596,0.426168,-0.785298,-8.633492
48092869,-0.249276,0.092196,0.091397,0.497994,-0.555455,-9.495404
48133817,-0.124971,0.108450,0.087799,-0.138864,-0.081403,-10.869676
48173795,-0.255005,0.060487,0.088332,0.555455,-1.891419,-12.938266
48213809,-0.104320,-0.143490,0.116977,0.067038,1.383849,-9.763555
48253809,0.220231,-0.089931,0.130300,0.038307,-1.848324,-10.266336
48293861,0.014256,-0.092196,0.063551,0.100556,-0.847547,-9.720459
48333844,-0.095394,-0.000400,0.094861,0.062249,-1.235408,-10.419566
48373817,0.033841,0.012257,0.002798,-1.067814,-1.106121,-11.233594
48413873,0.130567,-0.038904,0.000400,-0.191536,-0.459687,-10.649409
48453810,0.251940,-0.008127,0.008394,0.426168,-1.225831,-9.629479
48493881,-0.004930,0.013323,-0.015588,-0.067038,-0.435745,-10.074800
48533835,-0.029444,0.005729,-0.027845,-0.033519,-0.426168,-10.443508
48573872,-0.043167,0.041968,-0.026913,0.095768,-0.603339,-9.701305
48613878,-0.007461,0.007328,0.007194,-0.852336,3.179500,-9.165004
48653859,0.047564,0.008926,0.001332,-0.119710,-1.359907,-9.706094
48693823,0.074210,0.048896,0.010658,0.119710,-0.579397,-9.390059
48733843,-0.173467,0.046098,-0.054625,-0.062249,-0.814029,-9.801862
48774829,-0.096060,0.038104,-0.006528,0.019154,-0.823605,-10.864887
48814809,-0.075142,-0.041568,-0.015721,0.383072,-0.282516,-10.783484
48854812,0.122839,-0.037704,-0.019718,-0.263362,-0.426168,-9.552865
48893883,0.048496,0.012524,0.043833,0.023942,-0.713472,-10.098742
48934819,-0.029711,0.020651,-0.008394,-0.043096,-0.555455,-10.031705
48974824,-0.114712,-0.007461,0.048763,0.023942,-0.325611,-10.170568
49014858,0.023715,0.034374,0.016787,-0.052672,-0.368707,-10.156203
49054859,-0.075942,-0.041035,0.039037,0.335188,-0.598550,-10.074800
49094837,0.119508,-0.011858,0.022516,0.186748,-0.598550,-10.141838
49134842,-0.110982,-0.046498,-0.063285,-0.095768,-0.895431,-10.065224
49174838,-0.120841,0.107917,0.009193,0.574608,-0.387861,-10.381259
49214845,-0.090064,0.069813,0.010259,-0.526724,-0.794875,-10.544065
49254842,-0.266329,-0.049296,0.004130,0.210690,-0.076614,-10.199299
49294826,-0.282450,-0.022916,0.033574,0.196325,-0.277727,-10.275913
49334910,-0.240216,-0.045832,-0.029178,0.110133,-0.100556,-10.160992
49374864,-0.295640,-0.016254,0.004796,-0.004788,-0.114922,-9.969456
49414884,-0.290044,-0.053292,0.023049,0.052672,-0.119710,-10.199299
49454870,-0.375446,-0.071145,0.010392,0.014365,-0.129287,-9.969456
49494894,-0.751291,-0.141358,0.087400,0.047884,-0.368707,-10.007763
49535808,-1.108351,-0.165207,0.186923,-1.556231,-0.426168,-11.784261
49574904,-1.081838,-0.329747,0.184392,4.074931,-1.824382,-8.394072
49654907,0.155348,-0.461646,0.208773,4.946421,-3.251326,-9.457097
49695870,0.567165,-0.308564,-0.059288,-2.015918,-0.282516,-10.457873
49735810,0.752623,0.228092,-0.050495,-1.503559,1.441309,-8.877700
49775815,0.474303,0.028245,-0.053026,0.196325,0.952892,-8.738836
49815835,-0.091530,0.001199,-0.039570,-0.679953,0.488417,-9.916783
49855880,-0.034240,-0.010925,0.002665,-0.593762,2.078167,-9.950302
49895830,0.065283,0.003864,-0.007594,-0.603339,0.823605,-9.940725
49935860,-0.019452,0.005995,0.006528,-0.593762,1.316811,-10.084377
49975869,-0.045432,-0.014789,-0.029577,-0.632069,1.431733,-10.132261
50015827,-0.143357,0.031176,0.008527,-0.785298,1.541866,-9.801862
50055877,-0.046631,-0.043300,0.005729,-0.708684,1.599327,-10.074800
50095842,-0.037704,-0.043433,-0.029577,-0.732626,1.546654,-9.945514
50135848,-0.067948,-0.030510,-0.001066,-0.622492,1.335965,-9.988609
50175844,-0.114446,-0.057689,0.013989,-0.550666,1.335965,-9.931149
50215930,-0.035440,0.008394,0.006928,-0.852336,1.642422,-9.878476
50255965,-0.001199,-0.009859,-0.047164,-0.545878,1.551443,-10.022128
50295843,0.006662,0.015988,-0.010126,-0.694319,1.628057,-9.969456
50335877,0.016121,-0.014789,-0.001466,-0.785298,1.881843,-9.624691
50376809,0.003597,-0.039703,-0.015188,-0.502782,1.374272,-10.007763
50415852,0.001199,-0.018786,0.011858,-0.598550,1.671153,-9.892841
50456909,-0.012257,-0.013856,-0.014123,-0.684742,1.556231,-10.079589
50495854,0.004663,-0.004130,0.051560,-0.617704,1.422156,-9.969456
50536831,-0.038770,-0.022916,0.055158,-0.579397,1.709460,-10.017340
50576794,-0.028245,0.013989,0.013856,-0.526724,1.647211,-10.026917
50616818,0.005862,-0.000799,-0.017453,-0.737414,1.704672,-9.974244
50656868,0.002531,-0.029844,-0.035440,-0.627281,1.580173,-10.103531
50696828,-0.014655,-0.016121,-0.021317,-0.670377,1.604115,-10.012551
50736833,0.008260,-0.014922,-0.045698,-0.756568,1.599327,-10.036493
50776822,0.034107,-0.002132,0.005596,-0.636858,1.738190,-10.084377
50816822,0.009992,0.001332,-0.022116,-0.598550,1.661576,-10.060435
50856932,0.029311,-0.029044,0.013057,-0.713472,1.599327,-9.983821
50896817,0.000000,0.003064,-0.019718,-0.775721,1.589750,-9.801862
50936900,0.008260,-0.021850,0.045432,-0.646435,1.594538,-10.002975
50976820,0.008127,0.008926,0.030110,-0.588974,1.651999,-9.840169
51016833,0.002132,0.036372,-0.039969,-0.526724,1.675941,-9.940725
51056862,-0.027312,0.011325,-0.028645,-0.531513,1.623269,-9.907207
51096876,0.015855,0.028911,-0.006262,-0.723049,1.920150,-9.911995
51136850,0.024515,-0.007328,0.003064,-0.555455,1.604115,-9.749189
51176877,0.049429,0.021184,0.007994,-0.737414,1.704672,-9.806650
51216914,0.004796,0.017853,-0.023182,-0.569820,1.709460,-9.777920
51256876,0.009326,-0.026913,0.034907,-0.569820,1.733402,-9.873688
51296841,0.008527,-0.044499,0.023182,-0.588974,1.757344,-9.835381
51336867,0.021184,-0.002265,0.000400,-0.584185,1.699883,-9.964667
51377817,0.007594,-0.056224,-0.034640,-0.727837,1.628057,-9.854534
51416874,0.003997,0.000133,0.018253,-0.723049,1.623269,-10.089166
51457921,0.004397,-0.009593,-0.022250,-0.608127,1.680730,-10.007763
51496880,0.039703,0.021051,0.030910,-0.675165,1.714248,-9.892841
51537828,0.016254,-0.013989,-0.004796,-0.689530,1.651999,-9.864111
51577909,0.035040,0.029311,-0.000400,-0.775721,1.810017,-9.849746
51617846,-0.012257,-0.022516,0.006528,-0.565032,1.742979,-9.768343
51657939,-0.003730,-0.020784,-0.014256,-0.703895,1.604115,-9.888053
51697868,0.008926,0.050495,0.005063,-0.641646,1.824382,-9.883265
51737905,0.048896,0.016920,-0.003997,-0.636858,1.647211,-9.792285
51777879,-0.000400,-0.023182,-0.005596,-0.541090,1.661576,-9.983821
51817856,0.008660,-0.020384,-0.023715,-0.665588,1.771709,-9.816227
51857927,0.018253,-0.012391,0.000133,-0.617704,1.829170,-9.859323
51897877,0.008527,0.023715,-0.009726,-0.675165,1.776498,-9.955091
51937868,-0.006129,-0.012257,-0.008394,-0.454898,1.867477,-9.864111
51977860,0.002531,-0.012790,-0.020651,-0.679953,1.580173,-9.864111
52017874,0.005196,-0.024248,0.007594,-0.651223,1.632846,-9.931149
52057906,0.025181,-0.015188,0.024248,-0.560243,1.661576,-9.974244
52097926,0.025047,0.007328,0.012124,-0.622492,1.771709,-9.907207
52137890,0.005862,0.015188,0.022250,-0.708684,1.632846,-9.959879
52179010,0.032109,-0.012923,-0.032908,-0.732626,1.685518,-9.897630
52218859,0.010658,-0.018519,-0.025314,-0.656011,1.556231,-9.888053
52258872,-0.079139,0.000000,0.005729,-0.569820,1.637634,-9.897630
52298858,-0.035440,-0.040902,0.036772,-0.881066,1.824382,-9.955091
52338886,-0.003597,0.006395,-0.045432,-0.507571,1.747767,-9.868899
52378870,0.021983,-0.008793,-0.021317,-0.670377,1.757344,-9.993398
52418850,0.021850,0.000933,-0.035706,-0.737414,1.714248,-9.806650
52458868,0.017853,-0.007461,-0.010126,-0.636858,1.843535,-9.849746
52498873,0.015988,0.002931,-0.015855,-0.742203,1.848324,-9.921572
52538863,0.026913,-0.001865,0.000266,-0.660800,1.752556,-9.907207
52578883,0.032508,-0.006528,-0.024914,-0.780510,1.790863,-9.974244
52618889,0.024115,-0.043433,-0.015588,-0.703895,1.565808,-9.888053
52658971,0.010925,-0.015988,0.017720,-0.670377,1.766921,-9.964667
52698896,0.011591,-0.024914,-0.013590,-0.708684,1.580173,-9.816227
52738860,0.039170,0.028245,0.004397,-0.641646,1.776498,-9.902418
52778887,0.009593,-0.004530,0.011325,-0.641646,1.723825,-9.926360
52819836,-0.012391,0.002132,0.017320,-0.603339,1.790863,-9.926360
52859853,0.004263,0.009726,-0.025314,-0.622492,1.800440,-9.868899
52899843,0.025714,0.008527,0.006395,-0.608127,1.824382,-9.979033
52939845,0.015855,0.020784,-0.013723,-0.584185,1.709460,-9.931149
52979865,0.029844,-0.034240,0.021717,-0.493206,1.709460,-10.050858
53019874,0.038770,-0.011458,-0.001599,-0.742203,1.714248,-9.945514
53059864,0.036106,-0.015055,0.018386,-0.636858,1.795651,-9.983821
53099897,0.007727,0.033574,-0.013057,-0.617704,1.771709,-9.907207
53139907,0.027312,0.008793,-0.019851,-0.723049,1.642422,-9.864111
53179864,0.010792,0.011591,-0.041968,-0.617704,1.656788,-9.859323
53219879,-0.016787,-0.010259,0.000933,-0.756568,1.857901,-9.926360
53259911,0.050495,-0.003864,0.008793,-0.588974,1.733402,-9.897630
53300867,-0.010525,-0.000799,0.023315,-0.598550,1.699883,-9.921572
53340874,-0.022116,-0.017986,-0.003997,-0.574608,1.800440,-9.859323
53380899,0.017054,-0.018519,-0.012124,-0.622492,1.699883,-9.888053
53420857,-0.023848,0.001199,-0.013456,-0.809240,1.766921,-9.849746
53460880,-0.013456,-0.027579,-0.013856,-0.569820,1.838747,-9.753978
53500872,-0.019452,-0.021450,0.000533,-0.656011,1.786075,-9.854534
53540892,-0.021850,-0.010392,-0.006662,-0.579397,1.833959,-9.844957
53580872,-0.047430,0.012257,-0.015721,-0.656011,1.661576,-9.883265
53620867,-0.096326,-0.021317,0.011591,-0.742203,1.939303,-9.830592
53660930,-0.054092,-0.012257,-0.014522,-0.737414,1.920150,-9.964667
53701871,0.032242,-0.048096,-0.010392,-0.536301,2.059013,-9.969456
53740881,-0.009593,-0.042900,-0.000266,-0.804452,1.915361,-9.883265
53780874,0.014922,-0.012391,0.015721,-0.742203,1.996764,-9.873688
53820887,-0.041968,0.040902,-0.016387,-0.876278,1.465251,-9.988609
53860914,0.072345,-0.021450,-0.038371,-0.675165,1.541866,-9.907207
53900943,-0.031842,-0.013057,0.001332,-0.258574,1.872266,-9.950302
53940926,-0.034907,0.039303,0.002531,-0.694319,2.102109,-9.830592
53980938,0.038237,-0.023982,0.004530,-0.512359,1.924938,-9.835381
54020925,0.002531,-0.031975,0.011191,-0.670377,1.833959,-9.964667
54061081,0.037838,0.032508,0.013057,-0.632069,2.015918,-9.844957
54100978,0.003198,0.005995,-0.008926,-0.608127,1.848324,-9.763555
54141878,-0.002132,0.003730,0.000400,-0.670377,1.948880,-9.940725
54181847,0.023982,-0.017587,-0.019319,-0.526724,1.800440,-9.777920
54221882,0.033175,0.033841,-0.036772,-0.847547,2.054225,-9.883265
54261873,0.030243,-0.004796,-0.070613,-0.675165,1.944092,-9.864111
54301904,-0.018386,0.020651,-0.075276,-0.804452,1.857901,-9.830592
54341886,0.050095,0.008260,-0.031709,-0.636858,1.771709,-9.854534
54381868,0.016387,0.004530,0.027845,-0.675165,2.001553,-9.926360
54421934,0.045165,0.006129,0.026646,-0.608127,1.776498,-9.935937
54461919,0.029844,-0.033841,-0.062485,-0.574608,2.059013,-9.988609
54501895,0.023982,-0.034240,-0.042501,-0.627281,1.877054,-9.854534
54541912,0.025980,0.024115,-0.016654,-0.617704,1.862689,-9.897630
54581905,0.012257,-0.036772,-0.039703,-0.612916,1.982399,-9.873688
54621938,0.031309,-0.009859,0.008660,-0.727837,1.968034,-9.873688
54661913,0.015721,0.042368,-0.016121,-0.665588,2.011129,-9.868899
54701959,0.006662,-0.030510,-0.034640,-0.526724,1.853112,-9.974244
54741919,0.006662,0.003597,0.011724,-0.723049,1.948880,-9.911995
54781908,0.025314,-0.029178,0.024781,-0.632069,1.857901,-9.730036
54821958,0.009992,-0.018652,0.012257,-0.703895,2.006341,-9.825804
54862871,0.019185,-0.000266,-0.025047,-0.708684,1.953669,-10.046070
54902900,0.016387,-0.050894,-0.006129,-0.766145,1.944092,-9.758766
54942878,0.023049,-0.003198,0.002398,-0.723049,1.991976,-9.878476
54982931,0.045698,0.026380,0.025047,-0.636858,1.867477,-9.840169
55022893,0.032908,-0.016654,-0.019452,-0.708684,1.896208,-9.787497
55062928,0.002665,-0.005329,0.012257,-0.641646,1.934515,-9.911995
55102893,0.031043,0.018652,-0.023182,-0.641646,1.972822,-9.883265
55142913,0.029577,0.003597,-0.019585,-0.656011,1.829170,-9.830592
55182896,-0.006795,0.035173,0.039969,-0.761356,1.905785,-9.926360
55222986,0.014655,0.020118,-0.010925,-0.622492,1.886631,-9.897630
55262898,0.005596,-0.022783,0.027179,-0.804452,1.939303,-9.902418
55302922,0.008260,0.015855,-0.003331,-0.809240,1.872266,-9.725247
55342909,0.039836,0.007594,0.021450,-0.588974,2.059013,-9.854534
55382995,0.026380,0.015055,0.013856,-0.723049,1.915361,-9.897630
55422957,0.000666,0.004530,-0.005862,-0.689530,2.044648,-9.797073
55462947,0.016787,0.003997,-0.006795,-0.622492,1.944092,-9.950302
55503948,-0.011325,0.002665,0.015855,-0.718261,1.862689,-9.916783
55543048,0.003864,0.006129,0.000799,-0.646435,2.054225,-9.672575
55584761,0.014256,0.002132,-0.036372,-0.627281,2.001553,-9.715671
55624081,-0.010925,-0.030377,0.007994,-0.703895,2.020706,-9.730036
55663912,-0.004530,0.012923,-0.007194,-0.660800,1.929727,-9.840169
55703880,0.055957,-0.014123,0.024248,-0.588974,1.810017,-9.835381
55744059,-0.008127,0.013989,-0.009726,-0.732626,1.877054,-10.012551
55783950,0.012923,0.011191,0.023982,-0.588974,1.920150,-9.883265
55823978,0.003064,-0.010126,0.023049,-0.627281,1.891419,-9.935937
55863918,0.021450,-0.025847,-0.013057,-0.565032,2.006341,-9.763555
55903930,0.019718,-0.004930,-0.015988,-0.608127,1.886631,-9.844957
55944021,0.020251,0.019585,-0.046764,-0.622492,2.049437,-9.768343
55983926,0.044899,0.021450,0.015588,-0.670377,2.015918,-9.792285
56024039,0.035706,0.029178,-0.028378,-0.651223,1.982399,-9.974244
56063912,-0.009992,-0.018652,-0.042368,-0.617704,1.900996,-9.907207
56104873,0.001998,-0.009726,0.028911,-0.526724,1.948880,-9.911995
56144076,0.003864,0.020118,0.002398,-0.622492,1.900996,-9.931149
56183969,0.010925,-0.033974,-0.007994,-0.684742,1.810017,-9.844957
56224893,0.041302,-0.032908,-0.036106,-0.708684,1.920150,-9.926360
56263948,0.018119,-0.034240,0.013989,-0.651223,2.039860,-9.806650
56304860,0.021717,-0.002931,-0.000666,-0.684742,1.939303,-9.859323
56344993,-0.003997,-0.018786,-0.033441,-0.794875,1.972822,-9.849746
56384871,0.016787,-0.007861,-0.027446,-0.656011,1.776498,-9.931149
56424963,0.040636,-0.015588,0.014922,-0.703895,1.872266,-9.763555
56464874,0.021983,-0.007861,0.006129,-0.732626,1.900996,-9.806650
56504902,0.037838,-0.021184,-0.020917,-0.679953,1.867477,-9.835381
56544929,0.008793,-0.008926,-0.009992,-0.612916,1.915361,-9.864111
56584946,0.048896,-0.075276,0.009193,-0.641646,1.944092,-9.854534
56624922,0.018253,0.025047,0.019319,-0.665588,1.819593,-9.844957
56664909,0.011858,0.030643,-0.001998,-0.727837,2.011129,-9.878476
56706007,0.005462,-0.016254,-0.005596,-0.565032,1.896208,-9.892841
56744948,-0.007727,-0.003198,-0.019185,-0.703895,1.929727,-9.696517
56784934,0.039037,0.013590,0.018786,-0.617704,1.891419,-9.849746
56824972,0.035706,0.016787,-0.032375,-0.656011,1.795651,-9.835381
56864914,-0.002798,-0.028911,-0.026779,-0.598550,1.829170,-9.844957
56904931,0.012391,0.041435,0.018652,-0.656011,1.896208,-9.749189
56944907,0.017720,-0.021450,-0.028378,-0.723049,1.905785,-9.782708
56984966,-0.007594,0.017986,-0.021317,-0.588974,2.020706,-9.998186
57024955,0.011858,-0.008660,-0.013989,-0.656011,1.944092,-9.955091
57064946,-0.006528,0.008660,-0.013190,-0.766145,1.862689,-9.816227
57104901,0.013590,-0.016920,-0.023715,-0.699107,1.900996,-9.945514
57144970,-0.007328,0.002398,-0.047830,-0.603339,1.977611,-9.959879
57184942,0.003997,-0.032375,-0.022383,-0.723049,1.910573,-9.844957
57224949,0.019185,-0.030776,0.000666,-0.622492,1.915361,-9.720459
57264914,0.041568,0.012923,-0.004663,-0.660800,1.905785,-9.763555
57305943,-0.009459,0.007594,0.001466,-0.675165,1.934515,-9.777920
57345899,0.009060,-0.014256,-0.017054,-0.713472,2.059013,-9.878476
57385939,0.024115,-0.005196,0.016787,-0.545878,1.829170,-9.993398
57425912,0.020784,0.005862,0.020518,-0.622492,1.853112,-9.840169
57465950,0.033175,-0.012391,-0.007594,-0.603339,1.915361,-9.868899
57505923,0.004530,0.020384,0.029178,-0.775721,1.963245,-9.892841
57546010,0.006395,0.029044,-0.040636,-0.608127,1.968034,-9.730036
57585931,0.014123,0.006662,-0.024115,-0.694319,1.843535,-9.821015
57625935,0.055424,-0.027579,0.035839,-0.727837,1.953669,-9.806650
57665961,0.003331,-0.003464,0.000000,-0.627281,1.843535,-9.864111
57705944,0.022916,-0.021184,-0.026113,-0.651223,1.786075,-9.892841
57745932,-0.002398,0.002265,-0.013989,-0.780510,1.924938,-9.763555
57785942,0.025314,0.022116,0.036772,-0.713472,1.963245,-9.873688
57825957,0.031576,0.017986,-0.009193,-0.598550,1.910573,-9.873688
57865953,-0.012790,0.016521,-0.017853,-0.713472,1.867477,-9.782708
57906943,0.037038,-0.005329,-0.005196,-0.656011,1.829170,-9.835381
57945959,0.006129,-0.043966,-0.022916,-0.694319,1.972822,-9.993398
57985940,0.002531,-0.030377,-0.038637,-0.627281,1.920150,-9.811439
58025961,-0.006129,-0.013190,0.013323,-0.804452,2.011129,-9.854534
58066009,0.006262,-0.023182,0.007861,-0.785298,1.881843,-9.897630
58105948,0.026913,-0.015588,0.017587,-0.593762,1.900996,-9.840169
58146923,0.019319,-0.013057,-0.014522,-0.574608,1.953669,-9.849746
58186977,-0.006662,-0.017187,-0.002265,-0.670377,1.829170,-9.945514
58226915,-0.012923,0.011724,-0.033308,-0.545878,1.814805,-9.897630
58266944,0.011724,-0.001998,-0.015988,-0.641646,1.968034,-9.979033
58306928,-0.014123,-0.011991,0.020917,-0.823605,1.958457,-9.878476
58346910,0.000799,-0.004263,-0.013989,-0.713472,1.867477,-9.873688
58386941,-0.005063,0.020251,-0.022783,-0.679953,1.982399,-10.055647
58426913,0.020118,0.007594,-0.004130,-0.708684,1.872266,-9.935937
58466936,0.022649,0.008926,-0.016787,-0.751779,1.786075,-9.926360
58506952,0.054092,0.002931,-0.023715,-0.560243,2.092532,-9.907207
58546944,0.003730,-0.001066,-0.006928,-0.699107,1.795651,-9.878476
58586925,0.050761,0.035173,-0.028112,-0.608127,1.891419,-9.945514
58626923,0.026247,-0.034240,-0.001599,-0.641646,1.848324,-9.844957
58666986,0.013856,-0.043833,-0.022116,-0.718261,1.939303,-9.916783
58706955,0.063418,0.009992,-0.004130,-0.665588,2.006341,-9.878476
58747063,0.037704,-0.002132,-0.030510,-0.565032,1.867477,-9.854534
58786961,-0.008793,-0.025980,-0.011591,-0.689530,1.833959,-9.830592
58826982,0.033708,0.005196,-0.009726,-0.598550,1.896208,-9.859323
58866998,0.009859,0.003730,-0.034240,-0.766145,2.030283,-9.859323
58907025,-0.006528,-0.000533,0.001199,-0.612916,1.944092,-9.811439
58946976,0.007328,0.002398,-0.017986,-0.670377,1.929727,-9.821015
58987944,-0.005063,0.005462,-0.019185,-0.579397,1.891419,-9.821015
59026992,0.039303,0.041168,-0.013323,-0.699107,1.948880,-9.749189
59066993,0.030243,0.022383,-0.011591,-0.627281,2.015918,-9.849746
59107028,0.017187,0.023982,0.055424,-0.708684,1.996764,-9.840169
59147939,0.047164,0.025714,-0.023582,-0.612916,1.972822,-9.849746
59187945,0.035040,-0.010792,0.024515,-0.670377,1.953669,-9.868899
59227928,-0.032642,0.011058,-0.017054,-0.689530,1.857901,-9.888053
59267968,0.022383,-0.015855,0.009326,-0.641646,1.910573,-9.835381
59307924,-0.019985,-0.031043,-0.015322,-0.660800,1.944092,-9.782708
59347933,0.023848,0.024381,-0.033574,-0.694319,1.857901,-9.969456
59387921,0.005729,0.003730,0.015855,-0.603339,1.963245,-9.844957
59427948,0.031176,-0.013323,-0.042501,-0.565032,1.939303,-9.797073
59467993,0.025714,-0.025580,-0.053559,-0.622492,1.939303,-9.844957
59507941,0.012391,-0.015322,-0.014256,-0.766145,1.900996,-9.730036
59547939,0.013323,0.036106,-0.017587,-0.593762,2.140416,-9.739613
59587934,0.015721,0.036106,-0.026779,-0.565032,1.963245,-9.868899
59627957,0.014522,0.041568,-0.053825,-0.656011,1.896208,-9.854534
59668010,0.012790,-0.012257,0.002398,-0.665588,1.968034,-9.844957
59707997,-0.006795,-0.010925,-0.009326,-0.665588,1.910573,-9.873688
59747957,0.005596,-0.011325,-0.009726,-0.675165,1.742979,-9.911995
59787986,0.004130,0.017720,0.006528,-0.723049,1.867477,-9.974244
59827987,0.024515,-0.010392,-0.026247,-0.689530,1.968034,-9.888053
59868033,0.017453,-0.011858,-0.028911,-0.694319,1.886631,-9.797073
59907954,0.011191,0.027579,0.004930,-0.636858,1.920150,-9.921572
59948037,-0.000666,0.026380,0.009859,-0.588974,1.762132,-9.955091
59987987,0.011858,0.001466,0.000533,-0.684742,1.953669,-9.907207
60028955,-0.001732,0.002132,-0.045299,-0.780510,1.881843,-9.825804
60068047,0.010392,0.028911,-0.003464,-0.679953,1.857901,-9.974244
60107957,0.022116,-0.012391,0.001066,-0.617704,1.881843,-9.701305
60147972,0.053825,0.016387,-0.014655,-0.694319,2.011129,-9.859323
60188940,0.017720,-0.018652,-0.042101,-0.732626,1.934515,-9.739613
60228938,0.021184,-0.035306,-0.028911,-0.651223,1.891419,-9.811439
60268972,0.003198,-0.033041,-0.001865,-0.560243,1.857901,-9.797073
60308936,-0.018386,0.035440,0.007861,-0.708684,1.896208,-9.715671
60348963,0.007994,-0.014922,0.014256,-0.723049,1.838747,-9.744401
60388976,-0.009060,-0.023449,-0.050495,-0.675165,1.948880,-9.816227
60429006,0.010392,-0.027046,0.025047,-0.665588,1.814805,-9.868899
60468941,0.015188,0.031842,-0.010392,-0.641646,1.877054,-9.902418
60508951,0.035972,-0.039570,-0.021983,-0.603339,1.810017,-9.878476
60548969,0.029044,-0.051827,-0.007461,-0.732626,1.958457,-9.840169
60589004,0.003464,0.009859,-0.033041,-0.617704,1.723825,-9.821015
60628974,-0.002665,-0.013456,-0.037571,-0.598550,1.814805,-9.787497
60668971,-0.009859,-0.013723,0.003597,-0.598550,1.810017,-9.844957
60709000,-0.017720,-0.002665,0.003864,-0.794875,1.963245,-9.892841
60749002,0.030643,-0.014922,-0.018919,-0.584185,1.963245,-9.749189
60788972,-0.003331,-0.038504,-0.001599,-0.723049,1.939303,-9.797073
60829086,0.043433,0.011191,-0.025047,-0.617704,1.910573,-9.907207
60868982,0.000000,0.005729,-0.005196,-0.632069,1.977611,-9.854534
60908956,-0.041968,0.020118,-0.001199,-0.665588,1.910573,-9.792285
60948992,0.003198,0.011058,-0.002398,-0.670377,1.810017,-9.873688
60989001,0.006795,0.009060,-0.022516,-0.627281,1.819593,-9.873688
61028970,0.007328,-0.035306,0.007328,-0.598550,1.987187,-9.801862
61068981,0.049029,-0.022783,-0.026646,-0.790087,1.838747,-9.806650
61108980,0.005196,0.025314,-0.040236,-0.646435,2.020706,-9.797073
61149014,0.015855,0.035306,-0.032642,-0.746991,1.958457,-9.979033
61189006,0.015855,-0.006662,-0.021583,-0.694319,1.848324,-9.844957
61228995,0.031842,0.000000,0.010658,-0.742203,1.944092,-9.902418
61269026,0.025714,0.009859,0.001066,-0.636858,1.939303,-9.950302
61309945,-0.002798,0.000799,-0.016521,-0.617704,1.944092,-9.955091
61349975,0.030243,0.016654,-0.011591,-0.565032,1.905785,-9.797073
61389977,0.033175,0.003730,-0.021450,-0.780510,1.968034,-10.036493
61429966,0.036372,0.000133,-0.001865,-0.699107,1.977611,-9.897630
61469988,0.038637,-0.016521,-0.026646,-0.804452,1.838747,-9.763555
61509962,0.023049,-0.031309,0.009193,-0.732626,1.881843,-9.821015
61549998,0.010525,0.084202,-0.001066,-0.679953,1.996764,-9.864111
61590073,0.017054,-0.008793,0.016121,-0.751779,2.006341,-9.825804
61629969,-0.005196,0.000000,0.023582,-0.665588,1.896208,-9.974244
61669977,0.006129,-0.009326,-0.000666,-0.665588,1.915361,-9.787497
61710009,0.028112,0.024248,-0.009726,-0.814029,1.867477,-9.773131
61749980,0.072345,0.017986,0.025980,-0.713472,1.944092,-9.835381
61790135,0.001466,-0.015588,0.011191,-0.684742,1.862689,-9.864111
61830050,0.014789,0.003198,-0.018786,-0.665588,1.853112,-9.940725
61869998,0.013590,0.009193,-0.009992,-0.608127,1.714248,-9.763555
61910953,-0.001332,0.013590,-0.013989,-0.632069,2.030283,-9.821015
61949988,0.012657,0.010792,0.000133,-0.670377,1.867477,-9.835381
61990991,0.026513,-0.016920,0.002132,-0.742203,1.900996,-9.907207
62030977,0.007861,-0.022250,-0.023449,-0.675165,1.877054,-9.730036
62070962,-0.014789,-0.015455,-0.030243,-0.689530,1.771709,-9.892841
62110977,0.014922,0.003597,0.009992,-0.770933,1.881843,-9.878476
62151059,-0.006262,-0.000133,-0.014256,-0.713472,1.900996,-9.773131
62191088,0.024648,-0.001466,0.006395,-0.545878,1.910573,-9.830592
62231002,0.019985,0.005063,-0.033441,-0.665588,1.924938,-9.907207
62270968,0.014123,-0.040502,-0.003597,-0.723049,1.862689,-9.854534
62311011,0.021983,0.011058,-0.009992,-0.536301,1.939303,-9.907207
62351029,0.043433,0.024248,-0.018519,-0.550666,1.968034,-9.955091
62391075,0.029444,-0.010259,-0.043833,-0.641646,1.996764,-9.916783
62431042,-0.000400,-0.010259,-0.002265,-0.584185,1.996764,-9.821015
62471023,0.049296,0.022783,-0.018519,-0.541090,1.838747,-9.763555
62511147,0.003597,-0.041568,-0.005729,-0.612916,1.867477,-9.921572
62551056,0.000266,-0.003064,0.005596,-0.531513,1.905785,-9.825804
62592045,0.025580,-0.023715,-0.006528,-0.684742,2.011129,-9.993398
62630989,0.054891,0.027579,0.009593,-0.612916,1.877054,-9.902418
62671960,0.010126,-0.000933,-0.039836,-0.684742,1.905785,-9.811439
62711975,0.018519,0.016654,-0.014655,-0.723049,1.987187,-9.931149
62752041,0.000799,-0.019851,-0.014123,-0.737414,1.991976,-9.854534
62792053,0.044632,-0.020651,-0.029178,-0.641646,1.982399,-9.873688
62831983,0.034374,0.017986,0.019851,-0.751779,1.838747,-9.821015
62871970,0.015855,-0.003864,0.013989,-0.526724,1.948880,-9.955091
62912000,0.038504,-0.019185,-0.013856,-0.684742,1.910573,-9.835381
62952018,0.031709,0.006262,-0.007594,-0.790087,1.953669,-9.830592
62992033,0.032775,-0.025580,-0.022250,-0.550666,1.862689,-9.792285
63032023,0.016920,-0.029311,0.009060,-0.723049,1.948880,-9.940725
63072018,0.047031,0.007194,0.003064,-0.703895,1.991976,-9.878476
63112007,0.020251,0.004930,0.000533,-0.584185,1.958457,-9.825804
63152008,0.030377,0.024914,-0.040236,-0.641646,1.915361,-9.825804
63192996,-0.036106,0.049562,-0.010925,-0.588974,1.915361,-9.979033
63232954,0.027046,-0.009459,-0.015455,-0.694319,1.867477,-9.840169
63272994,-0.007194,-0.016387,-0.006395,-0.555455,1.896208,-9.892841
63312951,0.031043,-0.039170,0.002798,-0.636858,1.948880,-9.840169
63353011,-0.000400,-0.013590,-0.031443,-0.708684,1.776498,-9.840169
63393006,0.031443,-0.037438,-0.029577,-0.727837,2.059013,-9.926360
63433035,0.011858,-0.007061,-0.015588,-0.670377,1.920150,-9.964667
63472980,0.011991,0.020651,0.017187,-0.732626,1.829170,-9.892841
63513014,0.031842,-0.028645,0.019585,-0.852336,1.934515,-9.821015
63552953,0.016387,0.022116,-0.033041,-0.521936,1.963245,-9.710882
63593004,0.011591,-0.017986,-0.025447,-0.416591,1.920150,-9.916783
63633038,0.021850,-0.007727,0.027979,-0.684742,2.001553,-9.892841
63673023,0.012124,-0.023049,-0.016521,-0.641646,1.857901,-10.002975
63712990,0.015455,-0.000666,-0.009992,-0.684742,1.900996,-9.940725
63753013,0.047564,0.007061,0.016121,-0.670377,1.939303,-9.892841
63792976,0.013323,0.004397,-0.018253,-0.665588,1.900996,-9.873688
63833014,0.043966,0.016654,0.027579,-0.675165,1.857901,-9.902418
63872971,0.018919,0.009459,-0.025181,-0.493206,1.819593,-9.777920
63913027,0.043567,-0.013057,0.009593,-0.684742,1.829170,-9.864111
63952980,0.006795,-0.007861,0.005995,-0.560243,1.958457,-9.921572
63993979,0.026513,-0.000266,-0.024115,-0.713472,1.857901,-9.773131
64033031,0.009326,-0.032508,0.040236,-0.636858,2.059013,-9.916783
64073036,0.037038,0.016787,0.001599,-0.761356,1.829170,-9.806650
64113997,-0.005995,0.014256,-0.005729,-0.588974,1.920150,-9.758766
64153956,0.006262,0.015455,-0.018386,-0.703895,1.996764,-9.801862
64193975,-0.005729,-0.041302,-0.030243,-0.632069,1.915361,-9.811439
64234052,0.031176,-0.004397,-0.004130,-0.713472,1.848324,-9.907207
64273994,0.013989,0.032375,-0.023049,-0.636858,1.977611,-9.902418
64313969,0.003464,0.011191,0.005729,-0.780510,1.924938,-9.964667
64353982,0.011058,-0.004263,-0.006129,-0.660800,1.963245,-9.792285
64393995,0.006262,-0.019718,0.016121,-0.622492,1.996764,-9.696517
64434022,0.023182,0.003730,-0.005063,-0.703895,1.857901,-10.012551
64474044,0.009459,0.034374,-0.010658,-0.646435,1.896208,-9.844957
64513996,0.010925,0.016121,-0.000133,-0.670377,1.924938,-9.811439
64553989,0.023049,0.000533,-0.025447,-0.689530,1.776498,-9.888053
64594022,0.041168,0.015055,-0.001066,-0.703895,1.991976,-9.907207
64634105,0.038637,0.017187,-0.015455,-0.565032,1.872266,-9.777920
64674003,0.034907,0.008793,-0.018652,-0.689530,1.963245,-9.907207
64714020,0.020651,-0.009992,0.010792,-0.651223,1.862689,-9.988609
64754013,-0.003331,-0.052893,0.013590,-0.651223,1.977611,-9.864111
64794036,0.002931,0.039170,0.021051,-0.684742,1.915361,-9.892841
64834095,0.049962,-0.023049,0.038637,-0.651223,1.829170,-9.859323
64874038,0.017853,0.024515,-0.025181,-0.694319,1.800440,-9.835381
64914991,0.015721,0.010525,-0.012790,-0.617704,1.905785,-9.816227
64955030,0.030110,0.030776,-0.028778,-0.502782,1.991976,-9.854534
64995012,0.024115,0.004130,-0.004263,-0.742203,1.977611,-9.844957
65035074,0.031842,-0.027312,-0.020651,-0.483629,2.020706,-9.854534
65074977,0.019985,0.006262,-0.011724,-0.531513,1.982399,-9.883265
65115008,0.020518,-0.014922,0.006795,-0.679953,1.853112,-9.897630
65155039,-0.004796,-0.010925,0.019319,-0.770933,1.948880,-9.821015
65195012,0.028112,0.053292,0.003198,-0.641646,2.063802,-9.911995
65235047,0.000133,0.021317,-0.003064,-0.689530,1.939303,-9.816227
65275003,0.028911,0.035306,0.025047,-0.684742,1.939303,-9.873688
65315025,0.023848,-0.002398,-0.011058,-0.665588,1.881843,-9.897630
65355066,0.013057,0.022116,0.020651,-0.627281,1.972822,-9.888053
65395027,0.014789,0.024781,-0.015455,-0.536301,1.982399,-9.840169
65435050,0.007461,0.014655,-0.023049,-0.699107,1.958457,-9.907207
65475029,-0.005995,-0.015322,0.002265,-0.646435,2.020706,-9.892841
65515045,0.006262,0.036372,-0.023449,-0.770933,1.915361,-9.811439
65555057,0.020384,-0.011325,0.023315,-0.780510,1.877054,-9.873688
65595995,0.004130,-0.028645,-0.015055,-0.536301,1.867477,-9.744401
65636006,0.034107,-0.008127,-0.007461,-0.713472,1.953669,-9.753978
65675994,0.041568,-0.007061,-0.011591,-0.584185,1.771709,-9.797073
65716033,0.024648,-0.021850,0.002798,-0.636858,2.001553,-9.734824
65756036,0.008926,0.013057,-0.004530,-0.694319,1.896208,-9.859323
65796021,-0.011991,-0.025447,0.027712,-0.632069,1.953669,-9.849746
65835999,0.032908,0.001466,0.019185,-0.713472,1.915361,-9.945514
65876018,0.021717,0.006129,-0.019052,-0.579397,1.695095,-9.859323
65916038,-0.010392,0.034907,-0.003997,-0.746991,1.810017,-9.959879
65956028,0.026513,-0.003597,-0.020518,-0.684742,1.877054,-9.806650
65996013,0.011591,-0.007328,-0.017587,-0.718261,1.987187,-9.907207
66036017,-0.011191,0.019052,-0.016787,-0.703895,1.752556,-9.715671
66076010,0.029977,-0.046231,-0.018119,-0.684742,1.891419,-9.835381
66116026,0.043034,-0.020917,-0.043966,-0.799663,1.881843,-9.864111
66156105,0.026380,-0.005596,0.008660,-0.723049,1.838747,-9.974244
66196037,0.023182,-0.000400,0.016654,-0.670377,1.838747,-9.931149
66236071,0.033175,-0.030776,0.006928,-0.622492,1.862689,-9.811439
66276050,0.035440,-0.015988,0.008394,-0.550666,1.891419,-9.844957
66316127,0.008260,-0.033041,-0.011458,-0.746991,1.963245,-9.835381
66356089,0.000933,0.000933,-0.016654,-0.699107,1.934515,-9.773131
66396079,0.025447,0.008260,-0.021051,-0.579397,1.924938,-9.983821
66437012,0.013057,-0.034107,-0.014922,-0.608127,1.929727,-9.734824
66477048,0.004930,-0.016920,0.007727,-0.608127,1.905785,-9.840169
66517045,0.025847,0.019851,0.044233,-0.627281,1.838747,-9.840169
66557061,0.021317,0.009859,-0.002398,-0.684742,1.987187,-9.854534
66597109,-0.003331,-0.032775,-0.009459,-0.679953,1.805228,-9.753978
66637044,0.019718,0.004263,-0.048230,-0.679953,1.877054,-9.902418
66677094,0.002132,0.014922,0.009193,-0.569820,2.035071,-10.022128
66717033,0.007328,0.028245,0.018786,-0.775721,1.968034,-9.878476
66757135,0.039436,-0.007061,-0.016787,-0.828394,1.915361,-9.773131
66797061,0.052626,0.001332,-0.034107,-0.785298,2.011129,-9.988609
66837040,0.013856,0.013590,-0.021717,-0.555455,1.920150,-9.964667
66877298,0.016787,0.042900,-0.006928,-0.651223,2.068590,-9.773131
66917090,0.019052,0.010259,0.012524,-0.579397,2.011129,-9.883265
66957277,-0.020384,-0.006795,-0.010392,-0.588974,1.848324,-9.797073
66997088,-0.017720,-0.005329,-0.035173,-0.569820,1.924938,-9.744401
67037091,0.022649,0.052760,0.003597,-0.689530,1.857901,-9.897630
67077082,0.019718,0.008127,-0.014522,-0.679953,2.073379,-9.777920
67118033,0.023449,-0.019052,-0.023582,-0.608127,1.776498,-9.830592
67158042,0.035573,-0.054092,-0.008127,-0.746991,1.829170,-9.792285
67198087,-0.018386,-0.013723,-0.013456,-0.622492,1.920150,-9.969456
67238034,0.015588,-0.013723,0.011058,-0.560243,2.106898,-9.821015
67278167,-0.000933,0.020784,-0.016920,-0.694319,1.900996,-9.782708
67318079,0.007061,-0.026247,-0.029711,-0.632069,1.910573,-9.888053
67358045,0.047031,-0.022250,-0.003730,-0.656011,1.953669,-9.739613
67398064,0.024115,0.000666,-0.017453,-0.665588,1.877054,-9.758766
67438063,0.040636,0.014389,0.020917,-0.622492,1.819593,-9.878476
67478028,0.000400,-0.016387,0.021850,-0.670377,1.939303,-9.945514
67518042,0.056224,0.006795,0.017054,-0.627281,1.776498,-9.792285
67558100,0.044100,-0.029311,0.000266,-0.751779,1.857901,-9.955091
67598098,0.029577,-0.002665,0.012124,-0.555455,1.848324,-9.777920
67638065,-0.009326,-0.028911,-0.013723,-0.790087,1.853112,-9.849746
67678045,0.043567,0.024115,-0.046897,-0.689530,1.838747,-9.950302
67718093,-0.000799,-0.002398,-0.018386,-0.689530,1.877054,-9.787497
67758190,0.002798,-0.015588,-0.030110,-0.679953,1.924938,-9.935937
67798089,-0.009593,0.013456,-0.011724,-0.588974,1.824382,-9.883265
67838077,0.006528,0.013323,0.012124,-0.708684,1.944092,-9.782708
67878079,0.018386,-0.021983,-0.033708,-0.703895,1.862689,-9.888053
67918110,-0.007061,0.011724,0.008527,-0.675165,1.881843,-9.835381
67958110,0.001865,0.034907,0.006262,-0.646435,1.814805,-9.792285
67999022,-0.014123,0.011325,-0.011191,-0.656011,1.987187,-9.873688
68038108,0.031043,0.007994,0.024914,-0.550666,1.886631,-9.983821
68079058,0.030377,0.005862,-0.000400,-0.641646,1.829170,-9.773131
68119047,0.016920,-0.002132,-0.014256,-0.603339,2.130840,-9.888053
68159052,0.012790,-0.011058,-0.018519,-0.612916,1.881843,-9.849746
68199155,0.000933,-0.009992,-0.030377,-0.622492,1.771709,-9.782708
68239037,0.002398,0.010392,0.005063,-0.842759,2.025495,-9.931149
68279028,0.005196,0.022916,0.021051,-0.660800,1.991976,-9.878476
68319052,0.031975,-0.001066,0.015055,-0.660800,1.685518,-9.844957
68359107,-0.006395,-0.049828,-0.030110,-0.469264,1.805228,-9.720459
68399126,0.006129,-0.047564,0.000533,-0.483629,2.073379,-9.844957
68439085,0.005329,-0.006262,-0.016121,-0.445322,1.944092,-9.730036
68479123,0.016521,-0.022116,-0.022516,-0.675165,1.972822,-9.940725
68519118,0.012524,-0.005729,-0.004663,-0.689530,1.968034,-9.792285
68559133,0.002132,0.005329,-0.038504,-0.746991,2.039860,-9.868899
68599093,0.002531,-0.005995,0.003597,-0.713472,1.829170,-9.849746
68639091,0.016387,-0.017054,0.019585,-0.727837,2.073379,-9.801862
68679242,0.031043,0.011191,-0.010126,-0.694319,1.977611,-9.988609
68719090,-0.019985,-0.033308,0.025847,-0.632069,1.833959,-9.825804
68759178,0.027446,0.003198,0.040769,-0.684742,2.039860,-9.873688
68799117,0.013323,0.045965,-0.001332,-0.670377,1.924938,-9.797073
68840031,0.007194,-0.015855,-0.041302,-0.713472,1.982399,-9.787497
68880027,-0.004796,-0.023315,0.039703,-0.871489,1.924938,-9.945514
68920030,0.023049,0.010525,-0.012124,-0.656011,2.044648,-9.902418
68960037,0.043966,-0.007194,0.001599,-0.593762,1.920150,-9.868899
69000110,0.011591,-0.015322,-0.045165,-0.627281,1.929727,-9.758766
69040124,-0.009326,-0.011724,0.011858,-0.603339,2.001553,-9.777920
69080110,0.011058,-0.013989,-0.019319,-0.598550,1.829170,-9.892841
69120040,0.030643,0.020118,-0.014522,-0.598550,1.771709,-9.911995
69160029,0.033308,0.006795,0.012524,-0.526724,1.853112,-9.849746
69200071,0.013590,0.052626,-0.027979,-0.699107,1.719037,-9.888053
69240060,0.032508,-0.008793,0.016654,-0.703895,1.853112,-9.777920
69280059,0.039303,-0.004796,0.019718,-0.756568,1.948880,-9.945514
69320059,0.003064,0.025447,0.030910,-0.612916,1.977611,-9.730036
69360080,0.008127,0.032908,0.019452,-0.497994,1.900996,-9.974244
69400094,-0.005729,0.033308,-0.013723,-0.723049,1.953669,-9.935937
69440060,0.023449,-0.013590,-0.014922,-0.459687,1.910573,-9.888053
69480067,0.019052,-0.014123,0.006795,-0.651223,2.015918,-9.854534
69520155,0.009060,0.026913,-0.007461,-0.641646,1.872266,-10.007763
69560088,0.004530,0.008660,0.010792,-0.694319,1.924938,-9.883265
69600122,0.004930,0.001332,-0.018519,-0.598550,2.035071,-9.749189
69640094,0.025181,0.016654,-0.028378,-0.521936,2.054225,-9.701305
69680074,0.025047,-0.028911,-0.028911,-0.656011,2.015918,-9.911995
69721079,-0.009992,0.025980,-0.030510,-0.689530,1.920150,-9.821015
69760126,0.035706,0.014922,0.010792,-0.665588,1.843535,-9.926360
69801067,0.022916,0.010658,-0.038237,-0.689530,1.972822,-9.811439
69841048,0.003198,-0.047297,-0.003331,-0.579397,1.891419,-9.763555
69881037,0.041302,0.017720,0.025847,-0.584185,2.255338,-10.017340
69921037,0.002665,0.029711,0.000533,-0.775721,1.853112,-9.610326
69961074,0.040636,-0.022783,-0.042368,-0.565032,0.957681,-9.514558
70001098,0.027046,0.009060,-0.028378,-0.713472,1.924938,-9.935937
70042171,0.020784,0.006662,0.000666,-0.579397,1.857901,-9.878476
70081143,0.044233,0.010392,-0.012657,-0.694319,1.838747,-9.964667
70122668,0.007594,-0.015455,-0.022516,-0.608127,1.810017,-9.897630
70161339,0.029178,-0.023715,-0.004796,-0.703895,1.948880,-9.816227
70201146,0.015322,-0.050761,0.017187,-0.799663,1.953669,-9.773131
70241091,0.000000,-0.036106,-0.020251,-0.651223,1.877054,-9.787497
70281085,-0.019052,0.013723,-0.029711,-0.656011,1.886631,-9.979033
70321083,0.002265,0.034773,-0.019718,-0.521936,1.915361,-9.816227
70361172,0.027579,0.037571,-0.030643,-0.742203,1.900996,-9.782708
70401074,0.016254,0.000933,0.001066,-0.775721,1.843535,-9.873688
70441091,-0.003864,0.013057,0.012391,-0.622492,1.862689,-9.821015
70481084,-0.025047,-0.012257,-0.043833,-0.684742,1.891419,-9.935937
70521144,0.020118,-0.002398,0.066216,-0.560243,1.963245,-9.897630
70561182,0.032375,0.009060,-0.029044,-0.612916,2.049437,-9.825804
70602086,-0.013989,-0.024648,-0.001998,-0.837971,2.020706,-9.749189
70641098,0.004930,-0.026380,0.013989,-0.593762,1.939303,-9.911995
70682079,-0.001998,-0.039969,-0.051161,-0.574608,1.958457,-9.859323
70722074,0.005596,-0.003064,-0.022516,-0.660800,1.900996,-9.816227
70762073,-0.007727,-0.047830,-0.007861,-0.603339,1.896208,-9.739613
70802051,0.030910,-0.020651,0.004796,-0.521936,1.833959,-9.907207
70842060,0.023582,0.021850,-0.033308,-0.469264,1.790863,-9.940725
70882066,0.011724,-0.032242,-0.019718,-0.699107,2.020706,-9.907207
70922133,0.066482,-0.017187,0.002931,-0.646435,2.049437,-9.835381
70962131,0.005862,-0.011591,-0.037571,-0.675165,1.963245,-9.864111
71002148,-0.046231,-0.003597,-0.020251,-0.555455,2.039860,-9.270349
71042093,0.047830,0.003597,-0.004397,-0.622492,1.618480,-9.883265
71082062,-0.013856,0.032242,0.019985,-0.656011,1.685518,-9.629479
71122118,-0.204776,-0.028112,0.016654,-0.809240,1.671153,-9.792285
71162186,-0.329747,-0.033041,-0.018119,-0.871489,2.331953,-9.758766
71202168,-0.444326,-0.078473,-0.018919,-0.770933,1.972822,-9.835381
71242159,-0.372248,-0.044899,0.013856,-0.785298,2.504335,-9.983821
71282209,-0.306032,-0.045299,-0.010658,-0.603339,2.489970,-9.672575
71322214,-0.172801,-0.012923,-0.041968,-0.636858,3.088520,-9.648633
71362127,-0.075542,0.005329,0.005995,-0.732626,2.518700,-9.811439
71402112,-0.070213,0.015322,-0.009726,-0.799663,2.786851,-9.629479
71442090,-0.047830,0.024515,-0.010126,-0.852336,2.772486,-9.552865
71482100,-0.048496,0.008660,0.009193,-0.881066,2.901773,-9.600749
71522153,0.049296,-0.018652,0.001732,-0.804452,2.767697,-9.744401
71562129,0.006262,0.017720,0.014922,-0.766145,2.595315,-9.658210
71603049,-0.014655,0.006262,-0.004397,-0.742203,2.767697,-9.605537
71643085,-0.034374,-0.015721,-0.022916,-0.833182,2.619257,-9.581595
71683110,-0.066482,0.000000,-0.032375,-0.794875,2.753332,-9.572019
71723113,-0.097259,-0.001466,-0.007328,-0.804452,2.691083,-9.667787
71763127,-0.211971,-0.037838,-0.015188,-0.785298,2.935291,-9.519346
71803107,-0.425541,-0.020384,-0.020651,-0.737414,2.681506,-9.619903
71843128,-0.525864,-0.096193,-0.002531,-0.799663,3.399766,-9.356541
71883156,-0.682277,-0.087666,-0.022250,-0.852336,3.327940,-9.131485
71923169,-0.441528,-0.029044,-0.012923,-0.981623,3.806781,-9.414001
71963244,0.078873,0.029044,-0.006795,-0.761356,3.907337,-9.308656
72003101,-0.024914,0.021583,-0.008660,-0.723049,3.639187,-9.174581
72043116,0.010658,-0.001998,0.034640,-0.933739,3.514688,-9.294291
72083131,0.025314,-0.022116,-0.033574,-0.746991,3.667917,-9.346964
72123139,0.006795,-0.039303,0.002265,-0.938527,3.687071,-9.323022
72163113,0.015588,0.003064,-0.006928,-0.876278,3.782839,-9.241618
72203128,0.010126,-0.022250,-0.001732,-0.837971,3.782839,-9.375694
72243145,-0.005329,-0.002931,-0.035706,-0.603339,3.739743,-9.337387
72283109,0.026913,-0.016920,0.025980,-0.995988,3.811569,-9.332599
72323186,0.011458,-0.015322,-0.012923,-0.818817,3.677494,-9.265560
72363135,0.010658,0.003331,-0.020118,-0.991200,3.778050,-9.227253
72403152,-0.002531,0.003198,0.013323,-0.890643,3.629610,-9.212888
72444084,-0.010126,0.004663,0.015721,-0.986411,3.854665,-9.241618
72484090,0.018253,-0.027845,-0.032242,-0.871489,3.749320,-9.184157
72524241,0.035440,-0.019052,-0.014123,-0.924162,3.715801,-9.284714
72564087,0.009726,0.028778,-0.017187,-1.063026,3.730166,-9.366117
72604075,0.045432,-0.006395,-0.013057,-0.981623,3.711013,-9.342175
72644116,0.016787,-0.020518,-0.010525,-0.852336,3.715801,-9.327810
72684146,0.036239,0.047830,-0.012257,-0.761356,3.859453,-9.126697
72724187,0.031576,-0.024648,-0.017453,-0.924162,3.715801,-9.251195
72764101,0.027312,-0.012524,0.027845,-0.780510,3.768473,-9.289502
72804107,0.041035,0.011724,-0.030910,-0.833182,3.825934,-9.232041
72844866,0.021983,0.003331,-0.007061,-0.861913,3.845088,-9.284714
72884160,0.032375,-0.007461,0.023315,-0.852336,3.921702,-9.375694
72924153,0.009459,-0.008260,-0.008660,-0.866701,3.801992,-9.193734
72964100,0.018519,0.012923,-0.026380,-0.885855,3.701436,-9.294291
73004112,0.003997,0.028245,0.006395,-0.895431,3.773262,-9.346964
73044131,0.012257,0.032908,-0.014789,-0.900220,3.615245,-9.270349
73084167,0.019851,0.001332,0.001066,-0.933739,3.754108,-9.222465
73125101,0.027845,-0.015588,-0.017720,-0.833182,3.691859,-9.208099
73165076,0.034240,-0.053026,-0.020917,-0.828394,3.620033,-9.222465
73205121,0.034640,-0.002931,0.022250,-0.866701,3.773262,-9.299079
73245125,0.025047,0.013057,-0.058622,-0.866701,3.739743,-9.193734
73285108,0.016121,-0.016121,-0.018386,-0.895431,3.816358,-9.308656
73325136,0.005596,-0.009326,-0.012790,-0.890643,3.749320,-9.275137
73365114,0.025447,-0.042234,-0.043567,-0.823605,3.730166,-9.251195
73405112,-0.013989,-0.025047,-0.036639,-0.842759,3.643975,-9.308656
73445116,0.001998,0.035972,-0.026247,-0.799663,3.696647,-9.337387
73486089,-0.006795,-0.035173,-0.022516,-0.962469,3.711013,-9.342175
73525156,0.000533,-0.028245,-0.012257,-0.948104,3.610456,-9.375694
73565115,0.004263,-0.017587,-0.020384,-0.828394,3.711013,-9.313444
73605124,0.000133,-0.000666,0.014789,-0.847547,3.892972,-9.169792
73645134,0.019718,-0.019452,-0.001199,-0.981623,3.773262,-9.327810
73685155,0.002931,-0.012257,-0.012257,-0.928950,3.835511,-9.279925
73725204,0.005729,-0.032109,-0.021583,-0.924162,3.782839,-9.208099
73765147,0.049962,0.004530,-0.018253,-0.938527,3.739743,-9.265560
73806120,0.010792,-0.005729,-0.021051,-0.785298,3.797204,-9.327810
73846246,-0.013057,-0.022516,0.033974,-0.737414,3.744531,-9.313444
73886127,0.035173,-0.047697,0.030510,-0.952892,3.763685,-9.289502
73926100,0.018919,-0.009593,0.033441,-0.785298,3.797204,-9.232041
73966147,0.046231,-0.015455,-0.038504,-0.995988,3.830723,-9.217676
74006140,0.030643,-0.019452,-0.027446,-0.809240,3.778050,-9.188946
74046104,0.036372,-0.010126,-0.064617,-0.837971,3.869030,-9.217676
74086167,0.006795,-0.014123,0.010259,-0.790087,3.821146,-9.188946
74126138,0.019585,-0.005596,-0.037971,-0.900220,3.663129,-9.193734
74166186,0.009459,-0.001466,-0.029311,-0.713472,3.754108,-9.313444
74206126,0.035972,0.010259,-0.051827,-0.742203,3.897760,-9.284714
74246219,0.045432,0.021850,0.021051,-0.900220,3.639187,-9.255983
74286144,0.009992,-0.011591,-0.003064,-0.905008,3.754108,-9.284714
74326125,0.038371,0.009593,-0.003597,-0.785298,3.749320,-9.208099
74366163,-0.000266,0.007994,-0.005729,-0.799663,3.816358,-9.270349
74406154,0.035573,0.021450,0.032508,-0.914585,3.816358,-9.260772
74447107,0.009859,-0.033308,-0.016787,-0.919373,3.667917,-9.054871
74486170,0.008793,0.010259,-0.018253,-0.833182,3.720589,-9.337387
74527118,0.023049,0.006395,-0.016787,-0.737414,3.677494,-9.299079
74567101,-0.008394,-0.026113,0.026779,-0.794875,3.792415,-9.251195
74607112,0.012923,-0.015055,0.007861,-0.981623,3.864242,-9.279925
74647115,0.007328,-0.002132,-0.004930,-0.933739,3.730166,-9.380483
74687182,-0.013856,-0.017054,0.003997,-0.895431,3.768473,-9.299079
74727110,0.036905,-0.007861,-0.004930,-0.727837,3.797204,-9.188946
74767120,0.025980,-0.005729,-0.019052,-0.914585,3.782839,-9.265560
74807137,0.036239,0.005462,-0.004930,-0.928950,3.706224,-9.260772
74847134,0.020118,0.000799,0.015721,-0.785298,3.715801,-9.313444
74887149,0.026779,-0.024248,-0.001998,-0.914585,3.739743,-9.246407
74927119,-0.001466,0.049029,-0.003864,-0.895431,3.711013,-9.217676
74967130,0.020784,0.004663,-0.023049,-0.823605,3.778050,-9.141062
75007121,0.022116,0.011458,-0.007328,-0.770933,3.821146,-9.145850
75047138,0.019851,-0.009859,-0.016787,-0.914585,3.758897,-9.179369
75087127,0.069413,0.007461,0.011058,-0.981623,3.797204,-9.289502
75127143,0.040636,-0.045565,-0.017853,-0.804452,3.787627,-9.208099
75167173,0.007194,0.014389,-0.019452,-0.857124,3.715801,-9.227253
75208110,-0.040103,0.003464,-0.038904,-0.895431,3.916914,-9.289502
75248112,-0.002531,-0.013989,0.019319,-0.943315,3.725378,-9.141062
75288233,0.029178,-0.013989,-0.021051,-0.823605,3.763685,-9.351752
75328172,-0.012391,0.017187,-0.015322,-0.948104,3.854665,-9.294291
75368185,0.027046,-0.016787,-0.027312,-0.952892,3.849876,-9.241618
75408127,0.029577,-0.002398,-0.007861,-0.881066,3.677494,-9.270349
75448167,0.044499,0.006395,-0.031309,-0.905008,3.739743,-9.188946
75488135,-0.007594,-0.015188,-0.000933,-0.928950,3.816358,-9.222465
75528134,0.048363,-0.023848,-0.004263,-0.890643,3.744531,-9.299079
75568168,-0.001865,0.008527,0.027579,-0.952892,3.758897,-9.294291
75608130,0.035573,0.022916,-0.013323,-0.814029,3.701436,-9.313444
75648188,0.008926,-0.011991,0.021983,-0.689530,3.840300,-9.289502
75688196,0.017853,-0.003597,-0.017853,-1.058237,3.773262,-9.404425
75729120,-0.012524,-0.005462,-0.003997,-0.761356,3.758897,-9.121908
75768192,0.005063,0.019452,-0.008527,-0.814029,3.888184,-9.203311
75809082,-0.014789,0.008660,-0.035306,-1.019930,3.720589,-9.390059
75848178,0.021983,-0.034773,0.025714,-0.890643,3.797204,-9.212888
75889195,0.020917,0.018253,-0.019185,-1.019930,3.682282,-9.251195
75929146,0.015055,-0.016121,0.012124,-0.962469,3.639187,-9.251195
75969096,0.030510,0.013989,0.020917,-0.928950,3.658340,-9.184157
76009110,0.031443,0.007994,-0.011058,-0.914585,3.773262,-9.227253
76049154,0.010126,-0.006528,-0.004930,-0.823605,3.715801,-9.232041
76089155,0.019452,0.016920,-0.019985,-0.861913,3.821146,-9.241618
76129131,-0.007461,0.021850,-0.053825,-0.804452,3.840300,-9.299079
76169191,0.015855,-0.028911,-0.018253,-0.837971,3.754108,-9.265560
76209129,0.013456,0.022783,-0.016254,-0.871489,3.701436,-9.380483
76249144,0.037571,0.022649,0.019585,-0.756568,3.816358,-9.208099
76289131,0.021317,-0.006395,-0.015588,-0.972046,3.711013,-9.255983
76329276,0.013456,-0.024648,0.007594,-0.900220,3.816358,-9.251195
76369157,0.024381,0.003730,-0.007328,-0.890643,3.758897,-9.313444
76410120,-0.003464,-0.009992,0.013190,-0.890643,3.825934,-9.131485
76450127,0.044366,0.023315,-0.017587,-0.943315,3.715801,-9.260772
76490146,0.001732,0.001466,-0.004796,-0.842759,3.543418,-9.208099
76530168,0.065949,-0.043034,0.001599,-0.876278,3.778050,-9.255983
76570150,0.038371,0.000000,-0.042634,-0.852336,3.639187,-9.270349
76610165,0.006795,0.043300,-0.015721,-0.861913,3.734955,-9.203311
76650149,0.059421,0.021583,0.002665,-0.809240,3.725378,-9.193734
76690243,-0.011458,-0.015721,-0.040636,-0.857124,3.787627,-9.246407
76730162,0.010126,-0.011858,-0.022516,-0.905008,3.816358,-9.332599
76770186,0.008926,0.009859,-0.047697,-0.818817,3.758897,-9.265560
76810182,-0.016121,-0.006662,0.028645,-0.895431,3.725378,-9.236830
76851141,-0.012124,-0.002798,-0.002132,-0.842759,3.696647,-9.203311
76890199,0.006928,-0.030910,-0.012391,-0.900220,3.739743,-9.356541
76930165,0.021583,0.010658,-0.025181,-0.909797,3.773262,-9.212888
76972721,0.021317,-0.003597,-0.015188,-0.871489,3.691859,-9.217676
77015113,0.038504,0.019319,-0.004530,-0.746991,3.624821,-9.236830
77051193,0.020651,-0.026913,-0.044100,-0.847547,3.763685,-9.145850
77091189,0.047297,-0.008660,0.006795,-0.852336,3.687071,-9.203311
77131127,0.010259,0.005063,0.029844,-0.866701,3.687071,-9.366117
77171239,-0.013323,0.021717,-0.017587,-0.919373,3.768473,-9.289502
77211301,0.019585,-0.012257,-0.022116,-0.857124,3.758897,-9.212888
77251199,0.007727,0.015055,-0.011724,-0.881066,3.586514,-9.198523
77291196,0.031576,-0.009992,-0.018919,-0.656011,3.610456,-9.236830
77331168,0.021583,0.010259,-0.014389,-0.723049,3.677494,-9.284714
77371192,-0.007594,-0.015588,-0.021583,-0.718261,3.811569,-9.270349
77411233,0.050894,0.020651,-0.001332,-0.919373,3.816358,-9.361329
77451240,0.007861,-0.011325,-0.029044,-0.871489,3.711013,-9.380483
77491301,0.017187,0.011991,0.023982,-0.837971,3.739743,-9.289502
77532116,0.000133,0.002265,-0.004796,-0.933739,3.744531,-9.260772
77572125,0.014789,-0.045565,-0.001599,-0.909797,3.782839,-9.222465
77612139,0.011325,-0.025047,-0.002398,-0.967258,3.711013,-9.289502
77652128,0.045965,0.007861,0.006395,-0.900220,3.701436,-9.251195
77692195,-0.002531,-0.028511,-0.014256,-0.881066,3.653552,-9.212888
77732210,0.015455,-0.000266,-0.006795,-0.737414,3.725378,-9.275137
77772165,-0.021184,0.000266,-0.021717,-0.972046,3.816358,-9.208099
77812156,0.027312,-0.002931,0.014522,-0.885855,3.701436,-9.236830
77852158,0.003864,-0.015455,0.004663,-0.828394,3.725378,-9.246407
77892201,0.030910,-0.027579,-0.013456,-0.905008,3.801992,-9.217676
77932183,-0.019452,0.034907,0.009859,-0.957681,3.845088,-9.308656
77972164,-0.012257,-0.033308,0.033841,-0.890643,3.734955,-9.203311
78013139,0.016920,-0.000933,-0.031709,-0.976834,3.701436,-9.232041
78052242,0.027845,-0.016521,0.001599,-0.938527,3.634398,-9.227253
78092284,0.015322,0.008260,0.019052,-0.823605,3.787627,-9.313444
78133169,0.040369,-0.009459,-0.005329,-0.881066,3.869030,-9.198523
78173132,0.014522,0.013989,-0.002132,-0.775721,3.806781,-9.236830
78213151,0.015988,0.013057,0.003464,-0.919373,3.782839,-9.236830
78253173,0.017320,-0.006528,-0.000266,-0.866701,3.739743,-9.251195
78293169,0.024248,-0.002132,0.012124,-0.823605,3.773262,-9.332599
78333189,0.037172,0.011325,-0.049162,-0.837971,3.778050,-9.308656
78373171,-0.007328,-0.003597,-0.035040,-0.924162,3.864242,-9.284714
78413212,0.021583,-0.003997,-0.027579,-0.794875,3.773262,-9.308656
78453181,-0.011191,0.038637,-0.003597,-0.837971,3.797204,-9.236830
78493187,0.017187,-0.003730,-0.015322,-0.885855,3.830723,-9.294291
78533186,0.008394,0.011191,-0.029178,-0.842759,3.749320,-9.198523
78573202,0.013989,0.016654,0.041302,-0.919373,3.749320,-9.327810
78614129,0.003997,0.003331,-0.000266,-1.043872,3.782839,-9.232041
78654128,0.002931,0.001732,0.000666,-0.804452,3.648763,-9.217676
78694144,0.011591,0.020784,0.014655,-0.814029,3.667917,-9.193734
78734156,0.032508,0.046098,-0.007861,-0.842759,3.897760,-9.351752
78774173,0.035173,0.008926,-0.040103,-0.967258,3.696647,-9.303867
78814150,0.021450,0.001998,-0.033841,-0.919373,3.691859,-9.332599
78854154,0.010658,-0.037571,-0.005729,-0.746991,3.734955,-9.284714
78894227,0.014123,-0.020118,-0.018253,-0.861913,3.787627,-9.284714
78934195,0.035306,-0.006129,-0.009593,-0.871489,3.792415,-9.222465
78974216,0.046231,-0.032642,0.009060,-0.938527,3.792415,-9.217676
79014206,0.009459,-0.018253,0.023982,-0.909797,3.778050,-9.370906
79054177,0.041035,-0.005729,-0.005196,-0.981623,3.787627,-9.255983
79095135,0.027712,-0.001332,-0.046364,-0.976834,3.778050,-9.260772
79135156,-0.000266,-0.000266,-0.004263,-0.962469,3.701436,-9.284714
79175146,0.016387,-0.017187,-0.009193,-0.881066,3.691859,-9.313444
79215168,0.017453,0.023315,-0.024115,-0.881066,3.739743,-9.279925
79255191,0.027979,-0.015055,-0.020251,-0.895431,3.730166,-9.093178
79295197,0.003331,-0.009593,0.017853,-0.799663,3.754108,-9.169792
79335150,0.041302,0.017720,0.003864,-0.828394,3.749320,-9.299079
79375178,0.015855,-0.002798,0.012124,-0.737414,3.811569,-9.255983
79415211,0.036639,-0.015588,-0.009193,-0.948104,3.734955,-9.351752
79455232,0.012790,-0.014655,-0.036106,-0.814029,3.672705,-9.279925
79495265,0.020651,0.000799,-0.012124,-0.962469,3.811569,-9.251195
79535163,0.031309,0.008394,0.000266,-0.967258,3.878607,-9.131485
79575178,0.041835,-0.011858,0.031176,-0.837971,3.691859,-9.313444
79615215,0.013057,-0.019185,-0.014389,-0.919373,3.639187,-9.150639
79655290,0.024115,-0.007861,0.011191,-0.847547,3.825934,-9.174581
79695244,0.010925,0.034907,-0.011991,-0.833182,3.749320,-9.227253
79736149,-0.005596,0.008394,-0.027579,-0.852336,3.778050,-9.188946
79776151,0.042501,-0.005196,-0.021450,-0.861913,3.696647,-9.126697
79816176,0.034240,-0.013323,0.016387,-0.847547,3.869030,-9.155427
79856219,0.028911,0.017853,0.024515,-0.837971,3.806781,-9.193734
79896263,0.039570,0.001066,-0.011858,-0.928950,3.734955,-9.165004
79936170,0.034240,0.007994,-0.017587,-0.866701,3.734955,-9.260772
79976199,-0.008793,0.012124,-0.006262,-0.799663,3.648763,-9.212888
80016209,0.002398,0.003730,-0.007861,-0.914585,3.854665,-9.193734
80056224,-0.008260,-0.013989,-0.004263,-0.871489,3.773262,-9.366117
80096203,-0.020784,0.009726,-0.023049,-0.828394,3.854665,-9.375694
80136168,0.012524,-0.051294,0.019319,-0.842759,3.840300,-9.332599
80176204,0.036639,0.039836,0.008793,-0.809240,3.936068,-9.208099
80216191,-0.006395,0.004930,0.012391,-0.732626,3.643975,-9.212888
80256224,0.026380,-0.026779,-0.041035,-0.976834,3.806781,-9.289502
80296255,0.020651,-0.007061,0.004263,-0.766145,3.821146,-9.299079
80337158,0.017453,-0.037305,-0.016254,-0.900220,3.782839,-9.241618
80377191,0.027712,-0.011191,-0.021051,-0.876278,3.653552,-9.275137
80417133,-0.002265,-0.030243,0.026646,-0.732626,3.816358,-9.227253
80457199,0.017054,0.005995,0.025847,-0.967258,3.816358,-9.174581
80497177,0.027712,-0.013989,0.041968,-0.775721,3.763685,-9.236830
80537183,0.015455,-0.035972,-0.037571,-0.876278,3.806781,-9.332599
80577155,0.009459,0.023582,-0.023715,-1.005565,3.797204,-9.246407
80617197,-0.011724,0.004530,-0.021717,-0.981623,3.730166,-9.323022
80657312,0.013057,0.005995,0.032642,-0.948104,3.864242,-9.346964
80697201,0.043034,-0.027179,0.022516,-0.952892,3.768473,-9.174581
80737168,0.014389,-0.011058,0.011991,-0.914585,3.806781,-9.260772
80777191,0.025580,-0.015322,0.005862,-0.785298,3.801992,-9.126697
80817190,0.055957,0.001599,0.029577,-1.082179,3.811569,-9.337387
80857229,0.019985,-0.001998,0.036905,-0.823605,3.663129,-9.255983
80897228,0.018786,0.004397,-0.014123,-0.895431,3.782839,-9.227253
80938156,0.017453,0.041568,-0.007594,-0.871489,3.787627,-9.174581
80978186,0.003064,0.017320,-0.016787,-0.876278,3.806781,-9.227253
81018162,0.009726,0.045165,0.010126,-0.799663,3.845088,-9.270349
81058244,0.021583,-0.011325,-0.047164,-0.900220,3.797204,-9.227253
81098229,0.015988,0.007727,0.008394,-0.890643,3.758897,-9.145850
81138178,0.003730,0.007328,-0.027712,-0.943315,3.888184,-9.212888
81178233,-0.003464,0.009992,0.015988,-0.732626,3.778050,-9.289502
81218217,0.047963,-0.005063,0.021184,-0.861913,3.849876,-9.131485
81258241,0.032242,0.016121,-0.016387,-0.842759,3.720589,-9.299079
81298303,0.049162,-0.017054,-0.008926,-0.981623,3.758897,-9.313444
81338270,0.012923,-0.018253,-0.015322,-0.842759,3.715801,-9.303867
81378397,0.016920,-0.005729,-0.022783,-0.847547,3.754108,-9.346964
81418252,0.025580,0.013590,-0.013989,-0.943315,3.782839,-9.380483
81459211,0.026380,-0.010525,-0.003331,-0.818817,3.921702,-9.260772
81498237,0.028911,0.002798,0.004663,-0.857124,3.778050,-9.303867
81539216,0.014522,0.012124,-0.021850,-0.967258,3.658340,-9.169792
81579236,0.003331,0.010525,-0.005729,-0.847547,3.763685,-9.299079
81619208,0.044632,-0.010925,0.013323,-0.924162,3.730166,-9.260772
81659246,0.009593,0.006129,-0.004530,-0.837971,3.840300,-9.212888
81699205,0.023315,-0.016654,0.020518,-0.828394,3.778050,-9.212888
81739234,-0.004663,-0.007061,-0.022783,-0.861913,3.873818,-9.251195
81779208,0.017587,-0.021717,-0.007461,-0.828394,3.811569,-9.270349
81819198,0.035573,0.018253,0.023982,-0.890643,3.768473,-9.222465
81859279,0.016920,-0.013057,0.013590,-0.943315,3.816358,-9.270349
81899212,0.034640,-0.026513,-0.038371,-0.895431,3.557784,-9.217676
81939234,0.046498,-0.010658,-0.021051,-0.943315,3.749320,-9.275137
81979241,0.029977,-0.002531,-0.010792,-0.972046,3.787627,-9.227253
82019210,0.008127,0.007194,0.018919,-0.919373,3.730166,-9.203311
82060192,0.021184,-0.008394,-0.020251,-0.857124,3.720589,-9.284714
82100196,0.010525,-0.017720,-0.017587,-0.933739,3.663129,-9.294291
82140178,-0.002531,0.003464,-0.011724,-0.809240,3.691859,-9.222465
82180179,-0.025314,0.026913,0.001332,-0.914585,3.864242,-9.241618
82220205,0.015988,-0.012657,0.030243,-0.933739,3.739743,-9.313444
82260199,0.022383,-0.021051,-0.022783,-0.861913,3.754108,-9.366117
82300197,0.034107,-0.016920,-0.018786,-0.890643,3.672705,-9.284714
82340206,-0.000133,0.006395,0.007194,-0.823605,3.744531,-9.160215
82380221,0.014123,0.007594,-0.009193,-0.914585,3.754108,-9.332599
82420238,0.018119,-0.010392,0.007727,-0.871489,3.806781,-9.255983
82460228,0.022116,-0.005063,-0.008394,-0.991200,3.691859,-9.188946
82500221,0.014256,-0.014789,0.017986,-0.837971,3.830723,-9.193734
82540226,-0.003331,-0.017986,0.018919,-1.000776,3.845088,-9.409213
82580254,0.021051,-0.018652,-0.004397,-0.900220,3.744531,-9.337387
82620214,0.015055,0.006662,-0.006662,-0.799663,3.758897,-9.294291
82660234,0.007861,0.023049,-0.019985,-0.933739,3.715801,-9.332599
82700220,0.053426,0.009593,-0.036639,-0.823605,3.758897,-9.232041
82740243,0.009593,0.006528,0.011325,-0.751779,3.763685,-9.188946
82781253,0.032109,-0.014789,-0.012524,-0.799663,3.744531,-9.160215
82821195,0.030243,0.004930,-0.031709,-0.833182,3.792415,-9.318234
82861189,0.033041,0.011458,0.007861,-0.895431,3.739743,-9.227253
82901191,0.003864,0.025314,-0.032242,-0.967258,3.883395,-9.179369
82941188,0.013590,-0.021051,0.000133,-0.881066,3.778050,-9.217676
82981226,0.041568,-0.028511,-0.004796,-0.847547,3.955221,-9.203311
83021229,-0.001332,0.012790,-0.045698,-0.905008,3.754108,-9.232041
83061202,-0.001865,0.016387,0.011991,-0.890643,3.888184,-9.246407
83101253,0.000933,0.005196,-0.015588,-0.823605,3.706224,-9.260772
83141226,0.021717,-0.019985,-0.045299,-0.900220,3.763685,-9.165004
83181231,-0.002931,-0.060087,-0.035573,-0.943315,3.696647,-9.366117
83221227,0.010658,0.000133,-0.007061,-0.804452,3.687071,-9.222465
83261273,0.004930,-0.011058,-0.022383,-0.885855,3.878607,-9.323022
83301252,0.044233,-0.007461,-0.009459,-0.857124,3.639187,-9.208099
83341244,0.030377,-0.006262,0.018253,-0.938527,3.801992,-9.241618
83381219,0.021051,-0.019718,-0.005995,-0.881066,3.701436,-9.241618
83421244,0.000933,0.011458,-0.018652,-0.952892,3.730166,-9.145850
83462209,0.019851,-0.016254,-0.016387,-0.919373,3.811569,-9.117120
83501236,0.010792,0.001066,0.000000,-0.770933,3.806781,-9.236830
83542193,0.044233,-0.045165,0.019319,-0.847547,3.792415,-9.270349
83582210,0.009326,-0.003331,-0.015721,-0.837971,3.806781,-9.198523
83622296,0.014256,0.026513,-0.009459,-0.809240,3.725378,-9.212888
83662231,0.013323,-0.023449,-0.001466,-1.053449,3.682282,-9.184157
83702229,0.008394,-0.003997,-0.025847,-1.024718,3.624821,-9.260772
83742206,-0.009193,-0.021450,-0.016121,-0.799663,3.734955,-9.212888
83782223,0.043300,0.018919,-0.011058,-0.837971,3.821146,-9.193734
83822225,0.046098,-0.035972,0.028645,-0.995988,3.687071,-9.275137
83862224,0.019319,-0.010259,0.015188,-0.809240,3.677494,-9.198523
83902218,0.025447,0.017587,-0.004397,-0.962469,3.768473,-9.265560
83942233,0.034907,0.005862,0.003597,-0.703895,3.687071,-9.217676
83982238,-0.006795,0.001732,-0.005329,-0.895431,3.701436,-9.299079
84022250,0.010925,-0.064484,-0.016387,-0.794875,3.883395,-9.136273
84062256,0.019452,-0.007994,-0.001599,-0.948104,3.701436,-9.370906
84102273,0.027845,-0.001732,-0.035173,-1.010353,3.797204,-9.188946
84142262,0.015455,0.016521,0.005063,-0.766145,3.605668,-9.308656
84183205,-0.002398,-0.041968,-0.011724,-0.957681,3.835511,-9.212888
84222320,0.045832,0.015988,-0.004130,-1.005565,3.734955,-9.260772
84263234,0.005462,0.015988,-0.039037,-0.952892,3.840300,-9.332599
84303222,0.013856,-0.011991,-0.012391,-0.775721,3.653552,-9.275137
84343215,0.003198,-0.004130,-0.007061,-0.852336,3.768473,-9.232041
84383236,0.023582,-0.017587,-0.020917,-0.766145,3.888184,-9.284714
84423228,0.006395,0.003597,-0.004796,-0.995988,3.734955,-9.279925
84463226,0.029311,-0.000933,-0.036639,-0.885855,3.830723,-9.308656
84503220,0.022516,0.014789,0.003997,-0.909797,3.897760,-9.251195
84543295,0.007861,-0.012790,-0.015322,-0.919373,3.869030,-9.323022
84583289,-0.025580,-0.018253,0.012257,-0.938527,3.667917,-9.270349
84623335,0.014922,0.009326,-0.001599,-0.938527,3.888184,-9.193734
84663249,-0.013323,-0.026380,0.045698,-0.943315,3.763685,-9.270349
84703257,0.033841,-0.014389,0.017853,-0.900220,4.079720,-9.265560
84743282,0.001599,-0.002531,0.019985,-0.751779,3.873818,-9.184157
84783279,-0.008394,-0.011858,-0.015055,-1.067814,3.787627,-9.284714
84823321,-0.010126,-0.026380,0.003730,-0.871489,3.926491,-9.165004
84863252,0.055691,-0.011991,-0.020784,-0.790087,3.816358,-9.179369
84904230,-0.078873,-0.027845,-0.021850,-0.847547,3.758897,-9.198523
84944393,-0.150152,-0.022516,-0.016387,-0.617704,4.070143,-9.227253
84984475,0.015055,-0.003730,0.001199,-0.890643,3.696647,-9.145850
85023413,0.028378,0.049828,0.004130,-0.933739,3.864242,-9.318234
85064293,0.000533,-0.055557,0.007861,-0.842759,4.089296,-9.198523
85104274,0.056357,-0.000799,-0.007061,-0.622492,3.730166,-9.203311
85144241,0.030377,0.007594,0.031443,-1.077391,3.701436,-9.179369
85184248,0.005063,0.014256,-0.041435,-0.957681,3.897760,-9.275137
85224279,0.000933,0.018919,0.021184,-0.814029,3.892972,-9.222465
85264268,0.002531,-0.010525,0.010925,-0.766145,4.060566,-9.208099
85304244,0.001599,0.003997,-0.004530,-1.024718,3.864242,-9.294291
85344250,0.005596,0.017320,-0.037172,-0.847547,3.888184,-9.241618
85384249,0.043966,-0.040636,-0.029844,-0.895431,3.983952,-9.217676
85424281,0.034507,0.003597,-0.008527,-0.861913,3.878607,-9.121908
85464255,-0.000133,-0.003198,-0.048363,-0.890643,3.835511,-9.188946
85504268,0.027312,0.014789,-0.037038,-1.072602,3.983952,-9.270349
85544251,0.054891,0.015721,-0.008926,-0.895431,3.892972,-9.246407
85584298,0.003331,-0.031709,0.020917,-0.852336,3.849876,-9.107543
85624345,0.012257,0.021850,0.011325,-0.809240,4.017470,-9.179369
85665206,0.005729,-0.024381,-0.021317,-0.847547,3.897760,-9.279925
85705231,0.010925,0.020251,-0.006262,-0.876278,3.873818,-9.255983
85745210,-0.012524,-0.021317,0.005995,-0.866701,3.873818,-9.121908
85785258,0.012391,-0.027979,0.000933,-0.871489,3.945644,-9.227253
85825280,0.033841,0.013989,-0.004796,-0.799663,3.907337,-9.217676
85865223,-0.009193,0.017054,0.019851,-0.871489,3.950433,-9.150639
85905198,0.011058,0.007594,0.002931,-0.952892,4.017470,-9.112331
85945238,-0.010126,0.003331,-0.013190,-0.976834,3.835511,-9.141062
85985256,-0.003997,-0.025580,0.012391,-0.890643,3.988740,-9.169792
86025258,0.006795,-0.003864,-0.019985,-0.991200,3.864242,-9.179369
86065239,-0.017187,-0.006262,0.019718,-0.914585,3.902549,-9.083601
86105266,0.010658,-0.019052,-0.017986,-0.900220,3.758897,-9.141062
86145233,0.012657,0.082337,-0.028112,-0.919373,4.022259,-9.121908
86185248,0.026646,0.013723,-0.026913,-1.048660,3.907337,-9.136273
86225286,0.044233,-0.024515,-0.019718,-0.919373,3.883395,-9.136273
86266245,-0.007061,-0.000266,-0.029577,-0.842759,3.912126,-9.198523
86305265,0.010792,-0.018519,0.021583,-0.919373,3.940856,-9.131485
86345317,0.014522,-0.001332,-0.019052,-0.790087,3.921702,-9.208099
86386232,0.039570,-0.018919,-0.014389,-0.967258,3.801992,-9.155427
86425319,0.014789,0.011724,-0.062219,-0.995988,3.849876,-9.265560
86465278,0.014389,0.020518,-0.001332,-0.861913,3.988740,-9.236830
86506255,0.041968,0.017986,-0.032375,-0.861913,3.912126,-9.083601
86546235,-0.008926,0.004530,0.000000,-0.708684,3.811569,-9.203311
86586244,0.014389,-0.012391,0.023848,-0.976834,3.940856,-9.217676
86626291,0.045432,-0.023848,-0.017587,-0.751779,4.108450,-9.179369
86666276,0.001199,-0.010525,0.002665,-0.842759,3.888184,-9.174581
86706255,0.028645,-0.011325,0.029844,-0.938527,3.854665,-9.045294
86746264,0.036372,-0.049296,0.007594,-1.029507,3.811569,-9.145850
86786275,0.036905,-0.001332,-0.016521,-0.828394,3.936068,-9.227253
86826272,-0.003864,0.015188,0.017320,-0.876278,3.921702,-9.155427
86866316,0.011991,-0.016254,-0.014256,-0.981623,3.859453,-9.179369
86906289,0.002798,0.016121,-0.023582,-1.077391,3.792415,-9.217676
86946315,0.016121,-0.001332,0.001732,-0.828394,3.926491,-9.236830
86986282,-0.000266,-0.009992,-0.027446,-0.900220,3.974375,-9.184157
87026325,-0.006528,-0.024381,-0.061153,-0.866701,3.854665,-9.275137
87066360,0.011058,0.008926,-0.018786,-0.761356,3.892972,-9.179369
87106394,0.001466,0.009992,-0.023582,-0.809240,3.998317,-9.136273
87147221,-0.012124,-0.062352,-0.014922,-1.024718,3.998317,-9.155427
87187268,0.026513,-0.009060,-0.016787,-0.976834,3.816358,-9.260772
87226281,0.027845,0.014522,-0.014389,-1.058237,3.888184,-9.337387
87267263,0.007727,-0.027179,-0.021317,-0.890643,4.031836,-9.083601
87307242,0.019718,-0.003864,-0.023982,-0.852336,3.849876,-9.050082
87347233,0.004663,0.000400,-0.013057,-1.015141,3.897760,-9.318234
87387276,0.016254,-0.016254,0.013723,-0.895431,3.878607,-9.184157
87427273,0.031709,-0.011058,-0.020118,-0.857124,3.801992,-9.222465
87467294,0.019585,0.000933,-0.003198,-0.895431,3.897760,-9.212888
87507270,-0.001998,-0.014522,-0.026779,-0.847547,3.892972,-9.203311
87547291,0.031576,-0.011325,-0.016121,-0.995988,3.873818,-9.102755
87587251,0.029044,0.032642,-0.025314,-0.967258,3.854665,-9.179369
87627278,0.007328,-0.028911,-0.022116,-0.871489,3.792415,-9.188946
87667301,0.013723,-0.003464,0.020518,-0.905008,3.787627,-9.203311
87707274,0.047564,-0.000799,-0.032775,-0.833182,3.902549,-9.303867
87747305,0.025847,-0.023715,-0.006129,-0.986411,3.950433,-9.246407
87787323,0.032642,-0.001466,0.001599,-0.914585,3.869030,-9.246407
87827293,0.002931,0.012790,-0.006795,-0.986411,3.902549,-9.083601
87867282,0.004796,-0.015855,0.010525,-0.928950,3.749320,-9.150639
87908240,0.009193,-0.007861,-0.049429,-0.847547,4.022259,-9.093178
87948292,-0.007461,-0.000266,0.009859,-0.732626,3.960010,-9.188946
87988247,0.008394,0.009326,-0.008527,-0.991200,3.797204,-9.246407
88028255,0.005329,0.002798,-0.001599,-0.809240,3.926491,-9.232041
88068247,0.015588,-0.036372,-0.015055,-0.881066,3.849876,-9.275137
88108264,0.015455,-0.013057,-0.001066,-0.828394,3.993528,-9.193734
88148256,-0.008926,0.021850,-0.012790,-0.986411,3.907337,-9.145850
88188266,0.036106,0.004263,-0.018119,-0.857124,3.825934,-9.246407
88228331,0.013590,-0.025847,0.013989,-0.948104,3.983952,-9.160215
88268288,0.019452,-0.015455,-0.033175,-1.101333,3.979163,-9.126697
88308364,0.044499,-0.000799,0.011991,-0.962469,3.955221,-9.222465
88348312,0.043034,0.019052,-0.006928,-0.833182,3.878607,-9.184157
88388328,0.026513,-0.035440,-0.019319,-0.890643,3.974375,-9.141062
88428412,0.018119,0.030910,-0.010792,-0.799663,3.888184,-9.078813
88468513,-0.028511,-0.003331,-0.015988,-0.909797,3.926491,-9.294291
88508360,0.039303,-0.002398,-0.031709,-0.895431,3.993528,-9.251195
88549260,0.021450,-0.023982,-0.019718,-0.895431,3.801992,-9.160215
88589313,0.006928,0.024115,-0.023315,-0.881066,3.945644,-9.112331
88629354,0.024515,-0.018253,0.034507,-0.890643,3.883395,-9.260772
88669252,0.014655,-0.005995,0.008660,-0.995988,3.883395,-9.299079
88709256,0.023982,0.013323,0.025980,-0.924162,3.811569,-9.222465
88749267,0.032775,-0.017187,-0.020118,-0.895431,3.873818,-9.188946
88789279,0.025314,-0.009726,0.032508,-0.986411,3.816358,-9.294291
88829333,0.022250,-0.035839,0.017720,-0.885855,3.936068,-9.155427
88869290,0.033841,-0.005995,0.013590,-0.933739,3.744531,-9.145850
88909281,0.013989,0.010126,-0.015055,-0.895431,3.840300,-9.236830
88949280,0.007594,0.035573,0.015055,-1.015141,4.012682,-9.299079
88989301,0.025181,-0.028511,-0.024515,-0.852336,3.955221,-9.131485
89029346,0.046364,-0.007194,0.029178,-0.962469,3.897760,-9.246407
89070263,-0.015721,-0.007594,-0.005862,-0.890643,3.926491,-9.174581
89110268,-0.003064,0.057023,-0.030776,-0.952892,4.031836,-9.150639
89150274,0.014522,-0.066749,-0.000799,-0.972046,3.955221,-9.241618
89190310,0.013057,-0.011458,-0.016920,-0.866701,3.869030,-9.184157
89230285,0.006928,0.019985,-0.012790,-0.866701,3.859453,-9.212888
89270289,0.022383,0.012657,0.010259,-0.857124,3.988740,-9.337387
89310259,0.018253,0.008660,-0.005596,-0.847547,3.902549,-9.150639
89350285,0.011858,0.009459,-0.014922,-0.828394,3.854665,-9.284714
89390383,0.024781,-0.009726,-0.008926,-0.866701,3.840300,-9.050082
89430287,0.031576,0.007194,-0.014123,-0.905008,3.912126,-9.208099
89470322,0.002665,-0.059421,0.006262,-0.895431,3.988740,-9.337387
89510297,0.004397,0.001332,0.000133,-0.914585,3.969586,-9.188946
89550325,0.001732,0.006662,-0.025714,-0.675165,3.936068,-9.198523
89590348,0.020384,-0.007727,0.000533,-0.890643,3.955221,-9.169792
89630307,0.025314,-0.025847,-0.005596,-0.905008,3.811569,-9.203311
89671255,-0.020118,0.014123,-0.033841,-0.823605,3.849876,-9.289502
89711283,-0.001599,0.013989,-0.040636,-0.909797,3.869030,-9.222465
89751295,0.016254,-0.005729,-0.009859,-0.775721,3.801992,-9.198523
89791384,0.011991,-0.006528,0.003331,-0.828394,3.998317,-9.251195
89831313,0.007061,-0.008260,-0.008660,-0.852336,3.931279,-9.203311
89871310,-0.010658,0.008260,-0.050361,-0.933739,3.993528,-9.179369
89911325,-0.005462,0.008793,0.007727,-0.981623,3.864242,-9.217676
89951302,0.009459,0.023982,-0.020917,-0.871489,3.926491,-9.188946
89991328,0.024914,-0.017187,-0.026513,-0.938527,3.945644,-9.112331
90031285,0.010259,-0.021850,0.005462,-0.809240,3.830723,-9.255983
90071306,0.018386,-0.024115,-0.003064,-0.967258,3.998317,-9.117120
90111303,0.012391,0.012391,-0.012257,-0.804452,3.859453,-9.184157
90151300,0.010126,-0.015988,0.016254,-0.742203,3.912126,-9.121908
90191382,-0.009726,0.014655,-0.004663,-0.909797,3.902549,-9.203311
90231303,0.025047,0.020384,-0.013590,-0.914585,3.897760,-9.275137
90271319,0.030110,-0.005596,-0.010792,-0.938527,3.912126,-9.169792
90312295,0.030110,-0.032375,-0.031176,-0.909797,4.007894,-9.121908
90352281,0.009193,-0.002665,-0.045032,-1.082179,3.878607,-9.026140
90392280,0.012790,0.005196,0.014389,-0.928950,3.806781,-9.203311
90432309,0.001199,-0.009593,-0.004397,-0.881066,3.931279,-9.141062
90472280,-0.002265,-0.032109,-0.021450,-0.871489,3.950433,-9.155427
90512307,0.012124,-0.015455,-0.060753,-0.914585,3.940856,-9.179369
90552296,0.012657,-0.034107,-0.004530,-0.957681,3.931279,-9.126697
90592298,0.018386,0.021850,0.015855,-0.900220,3.797204,-9.279925
90632335,0.051294,-0.043833,-0.026513,-0.766145,3.988740,-9.193734
90672290,0.048896,0.019585,0.014522,-0.952892,3.888184,-9.121908
90712305,0.020384,0.018119,-0.026646,-0.948104,3.950433,-9.121908
90752318,0.006129,0.011858,-0.013590,-1.024718,3.849876,-9.236830
90792335,0.032375,-0.019585,0.014922,-0.943315,4.031836,-9.299079
90832332,0.052626,-0.003331,0.003064,-0.943315,3.883395,-9.188946
90872360,-0.017453,0.008793,0.028778,-0.828394,4.017470,-9.112331
90912318,0.049296,0.031842,0.020384,-0.809240,4.046201,-9.227253
90953282,0.047031,-0.032775,-0.033441,-0.857124,3.888184,-9.265560
90992348,0.044766,0.017054,0.005862,-0.943315,3.926491,-9.083601
91033316,0.025714,-0.019319,-0.002665,-0.876278,3.897760,-9.136273
91073262,0.039836,-0.016387,0.022116,-0.828394,4.055778,-9.002198
91113311,0.009992,-0.007328,-0.009193,-0.847547,3.763685,-9.169792
91153265,0.042767,-0.000133,0.018786,-0.909797,3.902549,-9.088389
91193351,-0.001466,-0.021983,-0.002265,-0.881066,3.878607,-9.284714
91233322,-0.024515,-0.052093,0.001066,-0.905008,3.892972,-9.284714
91273322,0.019052,0.009859,-0.019319,-0.890643,3.950433,-9.126697
91313315,0.011991,-0.003464,0.021317,-0.871489,3.849876,-9.184157
91353363,0.012257,-0.001332,-0.024781,-0.928950,3.845088,-9.265560
91393310,0.009859,0.022649,0.021850,-0.861913,3.964798,-9.232041
91433356,0.028778,-0.032508,-0.031576,-0.790087,3.974375,-9.275137
91474298,-0.007861,0.002531,-0.041035,-0.818817,3.845088,-9.126697
91514311,0.035173,-0.036505,-0.014522,-0.995988,4.003105,-9.184157
91554318,0.018519,0.001466,-0.002265,-1.000776,3.969586,-9.198523
91594294,0.027845,0.011325,0.000266,-0.885855,3.864242,-9.126697
91634346,0.006662,-0.003064,-0.011058,-0.919373,3.869030,-9.131485
91674376,0.021983,-0.000533,-0.027579,-0.885855,3.955221,-9.366117
91714314,0.042101,0.002398,-0.054092,-0.938527,3.907337,-9.208099
91754322,0.008660,-0.011058,-0.007061,-0.871489,3.998317,-9.174581
91794314,0.033441,0.009459,0.007461,-0.972046,3.960010,-9.078813
91834386,0.019052,-0.001865,-0.043167,-0.900220,3.830723,-9.179369
91874325,0.023182,-0.008527,0.013057,-0.890643,3.873818,-9.279925
91914347,0.026247,-0.004263,-0.038504,-0.823605,3.950433,-9.117120
91954323,0.041835,0.005462,0.021583,-0.876278,3.969586,-9.437943
91994334,-0.013590,-0.024515,0.011858,-0.909797,3.998317,-9.169792
92034334,0.037704,-0.052493,0.009060,-0.876278,3.940856,-9.069236
92075286,0.006262,0.013456,-0.003997,-0.837971,3.998317,-9.241618
92115318,-0.000933,0.016787,-0.047297,-0.775721,3.845088,-9.241618
92155320,0.026513,-0.021983,0.026247,-0.703895,3.859453,-9.117120
92195296,0.021450,-0.009859,-0.011591,-0.885855,3.849876,-9.193734
92235293,0.048629,-0.007061,0.013323,-0.842759,3.950433,-9.179369
92275306,0.010792,-0.011458,-0.012124,-0.885855,3.897760,-9.241618
92315317,-0.003597,-0.007594,-0.021983,-0.972046,3.907337,-9.184157
92355320,0.005462,0.003864,-0.005995,-0.833182,3.998317,-9.160215
92395413,0.022916,0.015055,0.014789,-0.881066,4.027047,-9.184157
92435352,0.025181,0.020784,-0.005995,-0.952892,3.912126,-9.160215
92475323,0.026779,-0.020384,0.001199,-0.857124,3.897760,-9.227253
92515329,0.013323,0.014922,-0.015721,-0.837971,3.888184,-9.026140
92555364,0.015588,-0.025447,-0.021450,-0.981623,4.017470,-9.260772
92596302,0.021983,-0.013856,-0.009992,-0.746991,3.811569,-9.208099
92636303,0.018253,-0.030643,-0.020118,-0.871489,3.892972,-9.208099
92676334,0.005063,0.017187,-0.003997,-0.957681,3.960010,-9.174581
92716320,0.026380,0.013323,-0.024781,-0.823605,3.797204,-9.035717
92756344,0.029844,0.028112,-0.024248,-0.833182,3.892972,-9.212888
92796315,0.051294,-0.007328,-0.033841,-0.962469,3.940856,-9.074024
92836350,-0.002798,-0.028911,-0.028911,-0.928950,3.902549,-9.265560
92876340,0.018119,-0.015855,0.023715,-0.809240,3.840300,-9.160215
92916313,0.015855,-0.027046,-0.029844,-0.909797,4.046201,-9.241618
92956363,0.031576,0.031975,-0.006528,-0.790087,3.921702,-9.217676
92996332,0.018253,-0.015855,0.005329,-0.909797,3.835511,-9.289502
93036329,0.048763,0.006528,-0.029844,-0.919373,3.960010,-9.361329
93076334,0.023182,-0.030776,-0.024648,-0.976834,3.936068,-9.174581
93116337,0.009326,-0.043167,-0.001066,-0.871489,3.936068,-9.184157
93156356,0.009193,0.000400,0.021983,-0.905008,3.859453,-9.337387
93196412,0.000799,0.004530,0.026646,-0.909797,3.892972,-9.179369
93237292,0.049029,0.042501,-0.005063,-0.919373,3.907337,-9.313444
93277340,0.024914,-0.006662,0.023049,-0.948104,3.682282,-9.251195
93317307,0.005862,-0.017853,-0.010792,-0.957681,3.988740,-9.260772
93357378,0.008394,0.001865,-0.008260,-1.082179,3.864242,-9.275137
93397337,0.013057,0.026247,-0.017720,-0.957681,4.036624,-9.083601
93437353,0.040902,-0.018253,-0.011591,-0.924162,3.888184,-9.198523
93477319,0.026380,-0.007727,0.021983,-0.885855,3.916914,-9.141062
93517328,0.000400,-0.018253,-0.007061,-1.019930,3.787627,-9.121908
93557438,-0.001466,0.008926,-0.011325,-0.967258,3.892972,-9.064447
93597339,0.015322,-0.021184,-0.028112,-0.713472,3.926491,-9.198523
93637354,0.039170,-0.011058,0.010792,-0.928950,3.859453,-9.160215
93677352,0.009593,0.001199,-0.020917,-0.909797,3.964798,-9.145850
93717349,0.024248,0.010126,0.000533,-0.933739,3.849876,-9.323022
93757379,0.046098,-0.004263,0.016920,-0.881066,4.041412,-9.193734
93797371,0.010792,0.014522,-0.019319,-0.986411,3.897760,-8.987833
93837382,0.003064,0.002132,-0.029711,-0.924162,4.065354,-9.136273
93878340,0.039037,0.004130,0.001732,-1.010353,3.931279,-9.121908
93917338,0.019851,0.017720,0.007328,-0.962469,3.849876,-9.169792
93958432,-0.000400,0.024115,-0.009593,-1.019930,3.830723,-9.174581
93998369,-0.001599,-0.019585,-0.010925,-0.871489,3.792415,-9.203311
94038318,0.025847,-0.009193,-0.008527,-0.885855,4.017470,-9.093178
94078327,0.027312,-0.009593,0.007594,-0.804452,3.892972,-9.088389
94118408,0.015855,-0.017054,-0.003464,-0.885855,4.012682,-9.179369
94158414,-0.008660,-0.008527,0.027179,-0.842759,3.931279,-9.169792
94198354,-0.004263,-0.009326,0.002132,-1.067814,3.916914,-9.227253
94238346,0.023582,-0.017720,-0.008127,-0.924162,3.907337,-9.270349
94278385,0.061553,-0.058222,-0.044899,-0.919373,3.931279,-9.203311
94318329,0.026513,0.009859,0.024781,-0.885855,3.940856,-9.222465
94358491,-0.020917,0.014522,-0.015055,-0.957681,3.993528,-9.255983
94398344,0.019452,0.021184,-0.006129,-0.852336,3.830723,-9.241618
94438373,0.035839,0.000000,-0.022783,-0.723049,3.878607,-9.141062
94479384,0.002265,0.005196,-0.055957,-0.962469,3.998317,-9.318234
94518344,0.004530,0.022116,-0.006262,-0.938527,3.754108,-9.222465
94558406,0.006395,0.033841,0.009726,-0.837971,3.849876,-9.260772
94598399,0.018253,0.017587,0.006795,-0.995988,3.864242,-9.241618
94639362,0.056490,0.018386,-0.031576,-1.091756,3.902549,-9.169792
94679320,0.013590,0.000799,-0.017587,-0.828394,3.916914,-9.241618
94719345,0.003464,0.018519,-0.034640,-1.034295,3.907337,-9.222465
94759344,0.005063,-0.016654,0.009060,-0.976834,3.955221,-9.174581
94799332,0.007194,0.011325,-0.006262,-0.861913,3.936068,-9.141062
94839335,-0.000933,0.036905,-0.011458,-0.962469,3.916914,-9.011775
94879362,0.049429,-0.003730,-0.014522,-0.943315,3.902549,-9.198523
94919339,0.021583,-0.026247,-0.010259,-0.895431,3.811569,-9.337387
94959369,0.004397,-0.011058,-0.030776,-0.804452,3.825934,-9.155427
94999372,-0.019985,-0.005196,-0.040769,-0.885855,3.902549,-9.145850
95039365,0.003198,-0.026113,0.009859,-0.876278,3.974375,-9.184157
95080338,0.017453,0.004930,0.002931,-0.861913,3.979163,-9.246407
95119388,0.044233,-0.043300,-0.017054,-0.890643,3.854665,-9.222465
95159369,0.014655,-0.052493,0.015588,-0.866701,3.912126,-9.236830
95199371,0.017453,-0.034240,-0.024115,-0.933739,3.921702,-9.083601
95240325,-0.008926,-0.004130,-0.012124,-0.718261,3.821146,-9.117120
95280427,-0.011591,-0.026513,0.027312,-0.905008,3.969586,-9.246407
95320323,0.021317,-0.010392,0.012391,-0.861913,3.873818,-9.145850
95360351,0.036505,-0.006795,0.014389,-0.804452,3.931279,-9.279925
95400360,0.011724,0.014123,-0.007594,-0.818817,3.926491,-9.126697
95440415,0.053426,0.017453,-0.003597,-0.881066,3.854665,-9.279925
95480337,0.000533,0.014789,0.031975,-0.900220,3.974375,-9.179369
95520348,0.004930,-0.019985,0.029044,-0.818817,3.878607,-9.141062
95560391,0.031443,-0.016254,0.013190,-0.814029,3.926491,-9.198523
95600371,0.004530,-0.021184,-0.032642,-0.972046,3.907337,-9.232041
95640353,0.011325,0.017453,-0.000666,-0.976834,3.873818,-9.208099
95680357,0.012790,-0.026113,-0.003331,-1.048660,3.988740,-9.145850
95720364,0.014922,0.009859,0.022783,-0.861913,3.806781,-9.093178
95760359,0.010658,0.020118,0.016387,-0.981623,3.950433,-9.275137
95800407,0.026380,-0.035440,0.038504,-0.828394,3.950433,-9.179369
95840395,-0.011591,0.004930,-0.016121,-0.933739,3.845088,-9.040505
95881330,0.019185,-0.031309,-0.004397,-0.703895,3.849876,-9.117120
95921338,-0.012524,-0.000933,-0.031443,-0.981623,3.859453,-9.241618
95961342,0.021850,0.006129,-0.022916,-0.914585,3.940856,-9.270349
96001312,0.004130,-0.021450,0.019319,-0.847547,3.979163,-9.289502
96041343,0.023315,-0.028112,0.029444,-0.794875,3.983952,-9.102755
96081359,-0.016387,0.020118,-0.031842,-0.823605,3.960010,-9.102755
96121370,0.002665,-0.038904,-0.006928,-0.895431,3.950433,-9.126697
96161369,0.017587,0.017320,-0.014789,-0.948104,3.945644,-9.102755
96201406,-0.013190,-0.005862,0.017587,-0.842759,3.964798,-9.212888
96241329,0.027845,0.028911,0.003597,-0.962469,4.027047,-9.198523
96281531,0.016254,-0.032508,-0.021450,-0.770933,3.912126,-9.150639
96321379,-0.006528,-0.002531,-0.016920,-0.924162,3.806781,-9.232041
96361394,0.022649,0.009060,-0.011724,-0.924162,3.983952,-9.054871
96401397,0.003864,0.006795,0.019718,-0.938527,3.912126,-9.126697
96441385,0.031443,0.009726,-0.003730,-0.837971,4.017470,-9.174581
96481364,0.007594,-0.041168,0.010392,-0.905008,3.902549,-9.050082
96522389,-0.007861,0.010525,-0.026113,-0.890643,3.969586,-9.279925
96562347,0.022516,0.015322,-0.011325,-1.034295,4.012682,-9.184157
96602397,0.029711,-0.041435,-0.031043,-0.928950,3.859453,-9.222465
96642346,0.006528,0.029044,-0.007994,-0.895431,3.897760,-9.299079
96682385,-0.013590,-0.015188,-0.030377,-0.785298,3.883395,-9.212888
96722360,0.009593,0.014922,0.008660,-0.814029,4.003105,-9.313444
96762356,0.012657,0.003730,-0.021983,-0.928950,3.960010,-9.188946
96802380,0.000133,-0.041035,-0.025714,-0.905008,3.988740,-9.289502
96842406,0.055691,-0.028112,-0.005995,-0.842759,3.864242,-9.284714
96882393,0.035040,0.049029,0.006795,-0.900220,3.998317,-9.184157
96922426,0.022383,-0.001332,-0.011591,-0.933739,3.892972,-9.255983
96962396,0.010392,0.007461,-0.035706,-0.943315,3.892972,-9.011775
97002407,0.026779,-0.007994,0.023848,-0.746991,3.873818,-9.131485
97042416,0.041568,-0.013190,0.031842,-0.976834,3.806781,-9.193734
97083351,0.035306,-0.020384,-0.003597,-0.952892,3.892972,-9.093178
97123359,0.018119,0.009060,-0.021983,-0.933739,4.012682,-9.054871
97163461,-0.000666,-0.017853,-0.015055,-0.833182,3.998317,-9.131485
97203394,0.017720,-0.017054,0.031975,-0.847547,3.940856,-9.212888
97243363,0.013323,0.020651,0.015855,-0.928950,3.811569,-9.217676
97283399,-0.000666,-0.019718,-0.026646,-0.976834,3.639187,-9.203311
97323398,0.021850,0.038770,-0.033841,-0.962469,3.869030,-9.188946
97363410,0.012790,0.046364,-0.042368,-0.861913,3.983952,-9.208099
97403398,0.013856,0.022916,-0.017720,-0.823605,3.888184,-9.093178
97443387,0.007861,-0.028112,-0.041168,-0.823605,3.974375,-9.083601
97483428,0.022783,-0.029444,0.009726,-0.818817,3.983952,-9.117120
97523389,0.010658,0.032775,-0.004930,-0.842759,4.027047,-9.217676
97563401,0.022783,0.018253,-0.016787,-0.885855,3.950433,-9.222465
97603412,0.009593,0.023982,-0.030776,-0.857124,3.945644,-9.260772
97643415,0.001998,0.030243,-0.031709,-0.871489,3.964798,-9.160215
97683397,0.001466,0.010525,0.021850,-0.885855,3.835511,-9.203311
97724413,0.024914,-0.030510,-0.005196,-0.833182,3.936068,-9.174581
97764353,0.026913,0.030110,-0.011191,-0.809240,3.969586,-9.102755
97804362,0.010792,-0.051694,-0.005462,-0.914585,3.859453,-9.246407
97844384,0.003198,0.005329,-0.030910,-0.938527,3.960010,-9.184157
97884369,0.047164,-0.018253,-0.001332,-0.847547,3.960010,-9.169792
97924427,0.042234,-0.011858,0.017853,-0.905008,3.936068,-9.236830
97964387,0.010392,-0.045432,-0.055291,-0.938527,3.907337,-9.246407
98004428,-0.003064,-0.012524,-0.010259,-0.881066,3.912126,-9.145850
98044366,0.037305,0.015855,-0.029178,-0.890643,3.878607,-9.284714
98084382,0.003864,0.026646,0.001332,-0.962469,4.022259,-9.208099
98124454,-0.005862,0.013856,-0.015988,-0.885855,3.955221,-9.217676
98164435,0.051427,-0.049296,0.006395,-1.005565,3.902549,-9.184157
98204400,0.025447,0.030910,-0.043433,-0.804452,3.845088,-9.208099
98244406,0.017587,-0.002798,-0.001066,-0.962469,3.883395,-9.255983
98284395,0.040502,-0.013723,-0.011991,-1.005565,3.830723,-9.150639
98324469,0.004397,-0.043833,0.025580,-0.847547,4.027047,-9.222465
98365453,0.019052,-0.028778,-0.000933,-0.871489,3.873818,-9.131485
98404442,0.022250,0.002132,0.010925,-0.986411,3.964798,-9.141062
98445367,-0.020917,0.012257,-0.011991,-0.991200,3.916914,-9.217676
98485369,0.006129,-0.005995,0.030377,-0.775721,3.945644,-9.188946
98525454,0.017720,0.003064,-0.052893,-0.924162,4.022259,-9.136273
98565382,0.013190,-0.048230,-0.014389,-0.957681,3.878607,-9.165004
98605396,0.016254,-0.021450,-0.023315,-0.905008,3.797204,-9.193734
98645394,0.007061,-0.022116,0.011724,-0.933739,3.916914,-9.117120
98685439,0.033841,-0.025047,0.005063,-0.909797,3.974375,-9.284714
98725433,0.028112,-0.025181,-0.011858,-0.737414,3.878607,-9.232041
98765423,-0.020784,-0.012124,0.015588,-0.852336,3.888184,-9.198523
98805433,-0.000933,-0.014789,0.011724,-0.876278,3.945644,-9.212888
98845408,0.009593,0.020384,-0.006129,-0.881066,4.007894,-9.265560
98885414,0.004263,-0.000133,0.012657,-0.919373,3.912126,-9.160215
98925484,-0.015721,0.005196,0.007994,-0.972046,3.955221,-9.193734
98966372,0.011325,-0.022649,-0.022250,-0.952892,3.830723,-9.222465
99005470,0.014789,0.029444,0.027979,-0.962469,3.859453,-9.169792
99046389,-0.001732,0.013723,-0.014922,-1.067814,3.859453,-9.255983
99086395,0.021850,0.007861,-0.029178,-0.847547,4.041412,-9.246407
99126401,0.009593,-0.028245,-0.002398,-0.737414,3.969586,-9.121908
99166409,0.021983,-0.004530,-0.016920,-0.909797,3.730166,-9.155427
99206377,0.007194,0.020651,-0.022516,-0.909797,3.955221,-9.198523
99246400,0.021717,-0.023582,-0.021450,-0.775721,3.830723,-9.155427
99286392,-0.033574,-0.009326,-0.036239,-0.938527,3.892972,-9.088389
99326403,0.027979,0.014522,0.011191,-0.833182,3.768473,-9.136273
99366452,0.026779,-0.001199,0.028378,-0.742203,3.801992,-9.117120
99406500,-0.005862,-0.063818,-0.027712,-1.058237,3.883395,-9.232041
99446467,-0.002931,-0.011858,0.017587,-0.895431,3.897760,-9.078813
99486419,-0.006528,0.011858,-0.007594,-0.737414,4.012682,-9.246407
99526445,0.003198,-0.042368,0.008394,-0.837971,3.869030,-9.145850
99566424,0.034240,-0.001332,0.023182,-0.746991,3.988740,-9.102755
99606431,0.004263,0.030377,0.023049,-1.000776,4.050989,-9.088389
99646433,-0.023848,-0.000400,0.008660,-0.881066,3.955221,-9.279925
99687364,-0.006662,-0.001466,0.007328,-1.010353,3.869030,-9.208099
99726462,0.050761,0.042368,-0.016521,-0.972046,3.974375,-9.203311
99766451,0.053026,0.001466,0.003464,-0.790087,3.964798,-9.026140
99807380,0.009859,-0.006262,-0.027712,-0.785298,4.003105,-9.227253
99847398,0.026646,0.011991,-0.036905,-0.766145,3.869030,-9.131485
99887383,0.021850,0.016787,-0.028911,-0.852336,3.854665,-9.093178
99927408,-0.008527,0.025580,-0.006129,-0.986411,3.864242,-9.169792
99967422,0.003464,0.002531,-0.022649,-0.972046,3.988740,-9.260772
100007437,0.003730,0.030643,-0.018919,-0.871489,3.878607,-9.179369
100047407,-0.013190,-0.038770,0.005329,-0.909797,4.012682,-9.107543
100087408,0.025047,-0.036639,0.010658,-1.039083,3.950433,-9.131485
100127428,0.022516,-0.031709,0.041302,-0.924162,3.936068,-9.299079
100167432,0.040369,-0.044100,0.011858,-0.790087,3.969586,-9.179369
100207465,0.019452,0.027579,0.021317,-0.866701,4.050989,-9.232041
100247462,0.101922,-0.003198,-0.028778,-0.952892,4.036624,-9.155427
100288403,0.017054,-0.005196,-0.005995,-0.823605,3.615245,-9.188946
100368413,0.041568,-0.000400,0.000266,-1.034295,5.114015,-10.228029
100408416,0.004263,0.016387,-0.021317,-1.063026,4.218584,-9.107543
100448417,0.019452,0.011858,0.006262,-1.039083,3.960010,-9.193734
100488400,0.016787,0.000000,-0.011858,-0.804452,3.873818,-9.212888
100528403,0.009992,0.007861,-0.022516,-0.790087,3.778050,-9.232041
100568418,-0.000266,-0.028778,-0.010392,-0.890643,3.878607,-9.337387
100608465,0.010392,-0.037305,-0.010392,-0.885855,3.998317,-9.179369
100648432,0.002798,-0.022383,-0.021583,-0.790087,3.950433,-9.179369
100688487,0.020917,-0.020651,-0.016121,-0.885855,3.912126,-9.021352
100728434,0.023582,0.018786,-0.009060,-0.976834,3.873818,-9.208099
100768429,-0.019585,0.000000,0.001998,-0.938527,3.711013,-9.193734
100809381,0.039037,-0.066216,0.003064,-0.962469,3.974375,-9.107543
100849364,0.013989,-0.052626,0.004530,-0.976834,4.046201,-9.097966
100889423,0.014789,0.030243,-0.010925,-0.785298,3.725378,-9.289502
100929476,0.051827,-0.001066,-0.006795,-0.924162,3.931279,-8.877700
100969410,0.006395,0.007861,0.007727,-1.067814,3.988740,-9.217676
101009454,-0.011458,-0.018786,-0.036505,-0.785298,3.840300,-9.308656
101049456,-0.005196,-0.009593,-0.021583,-1.072602,3.955221,-9.112331
101089446,0.018253,-0.005862,-0.008260,-1.019930,3.964798,-9.294291
101129543,0.024914,0.046498,0.005995,-0.938527,3.768473,-9.136273
101169413,0.020917,0.006662,0.004663,-0.972046,3.931279,-9.212888
101209432,0.007328,-0.020518,0.007727,-0.852336,3.940856,-9.179369
101249469,0.005329,0.034907,0.006129,-0.928950,3.950433,-9.184157
101289529,-0.015188,0.022383,-0.045432,-0.799663,3.892972,-9.150639
101329512,0.019452,0.001599,0.020384,-0.991200,3.902549,-9.074024
101370396,0.020651,-0.007061,0.019452,-1.019930,3.778050,-9.246407
101410409,0.023715,-0.011591,-0.009593,-0.785298,3.830723,-9.251195
101450437,0.002531,-0.015855,-0.055824,-1.029507,3.960010,-9.160215
101490474,-0.011858,-0.008793,0.008260,-0.847547,3.888184,-9.165004
101530412,0.006395,0.044366,-0.009726,-0.905008,4.074931,-9.255983
101570418,0.002265,0.004397,-0.005729,-0.900220,3.950433,-9.313444
101610431,0.037038,-0.007727,-0.010525,-0.857124,3.916914,-9.145850
101650446,0.030243,-0.002398,-0.009060,-1.019930,3.883395,-9.208099
101690458,0.044899,-0.035173,-0.003730,-0.866701,3.845088,-9.198523
101730425,0.021717,0.000933,-0.011458,-1.063026,3.955221,-8.944737
101770484,0.019052,-0.017320,0.001066,-0.928950,4.070143,-9.351752
101810460,0.021717,-0.009726,-0.016787,-0.972046,3.758897,-9.165004
101850443,0.025580,-0.017720,0.004397,-0.833182,3.835511,-9.275137
101890505,0.022250,0.034240,-0.000133,-0.952892,3.821146,-9.150639
101931435,-0.006662,-0.014123,-0.006662,-0.919373,3.816358,-9.184157
101971415,-0.005995,0.014922,-0.023848,-0.876278,3.811569,-9.083601
102011411,0.010925,-0.006395,-0.000799,-1.072602,3.883395,-9.284714
102051412,0.016121,-0.011858,-0.004397,-0.823605,3.653552,-9.284714
102091519,0.019185,0.033574,-0.008260,-0.972046,3.763685,-9.145850
102131449,-0.014522,0.028112,-0.002931,-0.809240,3.725378,-9.232041
102171437,-0.021450,-0.022116,-0.011991,-0.986411,3.936068,-9.040505
102211450,-0.008793,0.017587,-0.046098,-0.928950,3.845088,-9.131485
102251473,0.059688,0.010658,0.017986,-0.948104,4.098873,-9.064447
102291517,-0.013723,-0.002798,0.015588,-0.995988,3.854665,-9.251195
102331428,0.023715,0.004397,0.010525,-0.833182,3.993528,-9.208099
102371449,-0.010525,-0.015855,0.021850,-0.952892,3.902549,-9.251195
102411446,0.045698,-0.008660,-0.037704,-0.708684,3.988740,-9.045294
102452420,-0.021983,-0.006528,0.043966,-1.388637,4.089296,-8.887277
102492467,-0.131499,-0.048763,0.007194,-1.201889,3.912126,-9.251195
102532424,-0.251541,-0.053825,0.068081,-1.096544,3.687071,-9.605537
102572445,-0.120175,-0.122573,0.084469,-1.240196,4.692636,-9.715671
102612426,-0.004130,-0.198248,0.092995,-1.072602,4.750096,-9.351752
102652441,0.013190,-0.135629,-0.003597,-1.168370,5.166687,-9.361329
102692503,0.139760,-0.142691,-0.072877,-0.909797,4.070143,-9.351752
102732467,0.221697,-0.083270,-0.008926,-1.508347,4.357447,-9.366117
102772480,0.411152,0.039037,-0.044233,-1.230620,4.764462,-9.504981
102812466,-0.001732,0.069147,-0.024248,-1.403002,4.319140,-9.552865
102852446,0.349865,0.131233,-0.015455,-0.991200,4.912902,-9.346964
102892525,0.209306,0.128035,-0.032908,-1.096544,4.027047,-10.060435
102932453,0.772874,0.217300,-0.045299,-1.010353,5.439626,-9.442732
102972535,0.524398,0.198648,-0.067149,-1.230620,3.706224,-9.586384
103012497,0.534923,0.122573,-0.062752,-0.153229,5.171476,-9.375694
103053416,0.590214,0.085934,-0.104187,-1.407791,3.035848,-10.232818
103093433,0.559571,0.056357,-0.066616,-1.288081,2.853889,-9.160215
103133456,0.479899,0.065683,0.066882,-1.340753,2.485181,-9.097966
103173434,0.058489,0.054358,0.088332,-1.589750,2.724602,-9.543288
103213460,0.428472,0.103920,0.058622,-1.355118,3.107674,-9.303867
103253464,0.316291,0.095793,0.020518,-0.928950,2.250550,-9.303867
103293474,0.422077,0.156413,-0.058222,-0.900220,2.317587,-9.710882
103333496,0.524665,0.194651,-0.020518,-0.746991,2.221819,-9.691729
103373448,0.659095,0.238617,-0.039436,-0.761356,1.939303,-9.777920
103413457,0.559571,0.205176,0.000533,-0.287304,1.532289,-9.500193
103453487,0.386770,0.177198,0.042634,0.033519,0.814029,-9.457097
103493505,0.271126,0.140293,0.078873,0.201113,0.919373,-9.816227
103533467,0.276055,0.039170,0.157879,0.316035,0.780510,-9.921572
103573502,0.214769,0.025980,0.190121,0.488417,0.814029,-9.768343
103613538,0.118443,-0.064884,0.243946,0.598550,0.292093,-9.773131
103653492,0.116444,-0.084868,0.296440,0.411803,0.636858,-9.777920
103693478,0.105919,-0.113380,0.364920,0.464475,0.636858,-9.524135
103734478,0.039570,-0.093662,0.405156,0.344765,0.507571,-9.672575
103774469,0.106985,-0.082603,0.403291,0.225055,0.617704,-9.773131
103814434,0.173201,0.006262,0.434600,0.158017,0.129287,-9.662998
103854469,0.123639,-0.017187,0.488159,-0.143652,0.000000,-9.950302
103894471,0.109383,0.029444,0.473371,-0.215478,0.081403,-9.964667
103934531,0.129634,0.057689,0.417946,-0.421380,0.081403,-9.998186
103974473,0.133764,0.113779,0.346668,-0.359130,0.225055,-9.935937
104014464,0.043300,0.090464,0.265397,-0.416591,0.019154,-9.868899
104054461,0.035040,0.127502,0.196383,-0.440533,0.555455,-9.964667
104094504,-0.032109,0.058089,0.026513,-0.598550,0.445322,-10.074800
104135500,-0.203044,-0.013323,-0.046231,-0.335188,0.325611,-10.017340
104174510,-0.125504,0.028911,-0.199047,-0.555455,1.019930,-9.888053
104215444,-0.189322,-0.039836,-0.350132,-0.244209,0.967258,-9.897630
104254528,0.015988,0.031176,-0.515338,-0.205901,1.249773,-9.801862
104295476,0.115245,0.039037,-0.604204,-0.330400,0.756568,-10.050858
104335470,-0.098858,-0.001865,-0.623655,-0.138864,1.005565,-9.883265
104375525,-0.373980,0.038637,-0.564767,-0.703895,1.331176,-10.093954
104415469,-0.002665,0.086334,-0.515472,-0.464475,1.920150,-10.070012
104455456,0.035573,0.105652,-0.486960,-0.325611,0.632069,-10.170568
104495481,0.014256,0.025714,-0.425940,-0.521936,1.446098,-10.022128
104535499,0.406089,0.059821,-0.422210,-0.177171,2.030283,-9.921572
104575485,0.294708,0.038104,-0.286980,-0.047884,0.574608,-9.902418
104615458,0.013856,-0.029577,-0.099657,0.076614,0.268151,-9.979033
104655644,-0.044632,-0.133897,-0.030377,0.033519,0.440533,-9.873688
104695551,-0.235153,-0.131499,0.052093,-0.019154,0.330400,-10.046070
104735591,-0.084069,-0.204910,0.099257,-0.162806,1.086968,-9.959879
104775534,0.045698,-0.134297,0.175599,0.000000,0.895431,-10.184934
104815497,0.211704,-0.089931,0.167738,0.229843,0.656011,-10.184934
104856462,0.064884,-0.198914,0.201046,0.296881,-0.023942,-10.213664
104895617,0.063418,-0.124571,0.229824,0.430956,0.316035,-9.945514
104936441,-0.019985,-0.134963,0.245279,0.196325,0.057461,-10.070012
104976450,-0.228625,-0.105652,0.269660,0.253785,-0.071826,-10.050858
105016447,-0.207175,-0.034640,0.262332,0.263362,0.598550,-9.993398
105056514,-0.131233,-0.031443,0.208907,0.383072,0.110133,-9.825804
105096549,-0.153482,0.008926,0.155881,0.497994,-0.047884,-9.835381
105136460,-0.016521,0.077940,0.115778,0.335188,-0.119710,-9.457097
105176480,-0.277254,0.093928,0.153216,0.205901,-0.325611,-9.648633
105216492,-0.307364,0.144023,0.160011,0.019154,0.555455,-10.012551
105256522,-0.131899,0.129501,0.131766,0.081403,0.517148,-10.357317
105296736,-0.184525,0.065949,0.109116,0.158017,0.809240,-10.429143
105336593,-0.003997,0.049029,0.136296,0.110133,1.206678,-10.477027
105376514,0.014256,-0.014123,0.044632,0.100556,0.962469,-10.165780
105416558,0.042767,0.040103,-0.005862,0.225055,0.861913,-10.089166
105457453,-0.017720,-0.008260,-0.004530,0.392649,0.660800,-10.017340
105497483,-0.178796,-0.047031,-0.009193,0.172383,0.794875,-10.218452
105537449,-0.158945,-0.077674,-0.042368,0.282516,1.091756,-10.180145
105577461,-0.315358,-0.188256,-0.040236,0.368707,0.593762,-10.074800
105617463,-0.415282,-0.202245,-0.076075,-0.110133,1.565808,-9.730036
105657533,-0.239150,-0.179596,-0.089931,0.162806,1.383849,-9.753978
105697452,-0.286580,-0.198115,-0.087799,-0.268151,1.450886,-9.911995
105737549,-0.272858,-0.136695,-0.087933,-0.244209,1.891419,-9.753978
105777461,-0.292309,-0.150152,-0.045432,-0.258574,1.455675,-10.127473
105817472,-0.344536,-0.190387,0.009859,-0.363919,2.006341,-9.979033
105857516,-0.398361,-0.136695,-0.051827,-0.550666,2.389413,-9.811439
105897528,-0.339740,-0.117377,-0.081138,-0.699107,2.930503,-9.854534
105937471,-0.179462,-0.135896,-0.107384,-0.852336,2.944868,-9.634268
105977553,-0.199714,-0.029977,-0.078340,-1.106121,2.844312,-9.399636
106017522,-0.206109,-0.049695,-0.036639,-1.163582,2.695871,-9.323022
106057545,-0.478700,-0.113646,0.058755,-1.168370,2.777274,-9.351752
106097486,-0.510942,-0.139760,0.026380,-1.048660,2.978387,-9.232041
106138507,-0.501749,-0.109916,0.085534,-0.928950,3.533842,-9.265560
106178455,-0.305499,-0.071812,0.043300,-1.273715,3.323152,-9.289502
106218492,-0.408087,-0.157213,0.117776,-1.398214,3.404555,-9.528923
106258515,-0.176931,-0.129368,0.100057,-1.537078,3.438074,-9.227253
106298895,-0.424741,-0.171202,0.124838,-1.532289,3.830723,-9.667787
106338519,-0.117776,-0.172668,0.143757,-1.695095,4.252102,-9.131485
106378504,-0.185058,-0.180928,0.173334,-1.489193,3.873818,-9.265560
106418476,0.005729,-0.164141,0.148286,-1.513135,4.299986,-9.198523
106458549,-0.225294,-0.163741,0.219032,-1.350330,3.974375,-9.476251
106498537,0.106585,-0.139626,0.239683,-1.235408,4.903325,-9.184157
106538605,0.132965,-0.089132,0.232888,-1.163582,3.639187,-9.289502
106578558,0.194384,-0.163874,0.286580,-1.067814,4.204218,-8.954314
106618512,0.176665,-0.102322,0.351464,-1.216254,4.185065,-8.992621
106658551,0.108983,-0.076874,0.318556,-0.723049,4.132392,-8.690952
106698609,-0.154681,-0.148819,0.298038,-0.512359,3.988740,-8.714894
106738521,-0.097126,-0.103920,0.232622,-0.612916,4.443638,-8.834604
106778516,-0.219165,-0.083270,0.157213,-0.866701,4.467580,-8.901642
106818567,-0.062752,-0.050361,0.105253,-1.010353,4.989516,-9.193734
106858586,0.056757,-0.041168,0.045432,-0.718261,4.132392,-8.906430
106899474,-0.150285,-0.089398,-0.006528,-0.775721,5.075707,-9.107543
106939464,0.224361,-0.014922,-0.120708,-0.857124,5.094861,-8.868123
106979525,-0.045698,-0.100456,-0.179995,-1.067814,4.668694,-9.131485
107019488,0.063685,-0.066616,-0.175199,-1.177947,5.305551,-8.753202
107059497,-0.121107,-0.096859,-0.211305,-1.264138,4.649540,-8.695741
107099492,-0.040103,-0.043966,-0.213436,-1.369483,5.228937,-8.714894
107139479,0.160144,0.032508,-0.210505,-1.240196,4.491522,-8.327033
107179493,0.005995,0.042767,-0.195317,-1.292869,4.582502,-8.504205
107219486,0.160410,0.102322,-0.146688,-1.292869,4.194642,-8.470686
107259504,-0.021184,0.109116,-0.117910,-1.312023,3.945644,-8.441956
107299492,-0.104320,0.093262,-0.080472,-1.134852,4.371812,-8.633492
107339521,-0.186524,0.113247,-0.034107,-1.029507,4.132392,-8.652645
107379549,-0.212770,0.062885,-0.045832,-0.933739,4.635174,-8.853758
107419598,-0.112181,0.038237,-0.042634,-1.043872,4.826711,-8.978256
107459548,-0.031309,-0.009326,-0.074210,-1.259350,4.869806,-9.236830
107499535,0.069813,-0.012524,-0.004930,-1.589750,4.458004,-9.193734
107539550,0.014655,-0.059021,0.018786,-1.541866,4.577714,-9.011775
107579640,0.041968,-0.082870,0.036239,-1.517924,4.434062,-9.006987
107619533,0.037838,-0.084602,0.079406,-1.278504,4.175488,-8.801086
107659569,0.021583,-0.108317,0.073544,-1.307234,4.376601,-8.858546
107700706,0.067415,-0.044899,0.102988,-1.355118,4.228160,-8.848969
107740782,0.025447,-0.045299,0.126836,-1.350330,4.501099,-8.710106
107781864,-0.014922,-0.077674,0.109783,-1.436521,4.276044,-8.848969
107820742,-0.057156,-0.119642,0.128168,-1.302446,4.376601,-8.710106
107860756,-0.042634,-0.130833,0.128701,-1.158794,4.477157,-8.714894
107900681,-0.055691,-0.110715,0.081138,-1.312023,4.644751,-8.949526
107940613,0.008527,-0.086467,0.068214,-1.316811,4.774038,-8.700529
107980568,-0.116444,-0.124838,0.074609,-1.728614,4.759673,-9.136273
108020510,0.243946,-0.032508,0.085668,-1.479617,4.716578,-8.738836
108060519,-0.158279,-0.046631,0.063551,-1.412579,4.084508,-8.882488
108100516,0.135763,-0.015055,0.046764,-1.398214,4.855441,-8.724471
108140500,0.014522,-0.041168,0.051827,-1.426944,4.079720,-8.896853
108180527,0.067415,0.040636,0.077141,-1.527501,4.687847,-8.638280
108220532,-0.006662,-0.022116,0.045965,-1.297657,4.175488,-8.772355
108260963,-0.070213,-0.004263,0.017054,-1.570596,4.247314,-8.892065
108300535,0.074609,-0.012124,0.006395,-1.259350,4.534618,-8.949526
108341083,-0.068348,0.019585,0.026513,-1.273715,4.271256,-8.868123
108380565,-0.036239,0.003331,0.021450,-1.584962,4.419696,-8.944737
108420553,0.006662,0.020118,0.029977,-1.388637,4.505888,-8.810662
108460732,0.013057,0.012391,0.052227,-1.446098,4.553772,-8.916007
108500546,0.055158,0.057822,0.029711,-1.508347,4.247314,-9.016563
108541478,0.057956,0.035040,-0.018786,-1.398214,4.539406,-8.901642
108581483,-0.054492,0.019052,0.010259,-1.474828,4.276044,-8.983045
108621483,0.045965,0.009859,0.016787,-1.254562,4.635174,-8.820239
108661527,-0.019718,-0.009060,-0.006129,-1.388637,4.434062,-8.868123
108701491,0.048096,0.029977,-0.043167,-1.192312,4.735731,-8.714894
108741543,-0.070080,0.009193,-0.050628,-1.426944,4.347870,-8.805874
108781521,0.160144,0.031309,-0.105919,-1.398214,4.687847,-8.710106
108821525,-0.135896,-0.013323,-0.055824,-1.460463,4.132392,-8.834604
108861664,0.088066,-0.029711,-0.088332,-1.345541,5.056554,-8.892065
108901513,-0.005063,0.040103,-0.098058,-1.446098,4.122815,-9.136273
108941515,0.148553,0.059688,-0.103387,-1.283292,4.960786,-8.858546
108981541,0.038770,0.048629,-0.116044,-1.450886,4.185065,-9.011775
109021510,0.141891,0.107651,-0.140825,-1.422156,4.788404,-8.916007
109061554,0.153216,0.059554,-0.155214,-1.163582,4.304775,-8.681376
109101531,-0.052626,0.036505,-0.105519,-1.403002,4.611232,-8.906430
109141540,0.176931,0.046498,-0.130300,-1.292869,4.280833,-8.700529
109181589,-0.075675,0.003864,-0.088066,-1.417367,4.209007,-8.781932
109221601,0.081271,0.052893,-0.063152,-1.192312,4.496311,-8.662222
109262536,-0.152150,-0.002265,-0.041035,-1.431733,4.486734,-8.781932
109301599,0.040236,0.080205,-0.092196,-1.359907,4.687847,-8.662222
109342512,-0.080738,0.071945,-0.089798,-1.259350,4.390966,-8.978256
109381573,0.036905,0.079672,-0.071945,-1.201889,4.764462,-8.801086
109422630,0.012657,0.058755,-0.051827,-1.244985,4.458004,-8.882488
109462526,0.093395,0.041302,-0.050628,-1.206678,4.390966,-8.748413
109502511,-0.090198,0.042767,-0.056224,-1.221043,4.606444,-8.959103
109542590,0.086600,0.033041,-0.086867,-1.173159,4.587290,-8.686164
109582558,-0.023982,-0.016387,-0.047697,-1.278504,4.572925,-9.030929
109622574,0.049962,-0.034507,-0.099524,-1.316811,4.280833,-8.968679
109662638,0.047297,-0.061819,-0.060753,-1.403002,4.505888,-8.930372
109702535,0.097259,-0.033974,-0.010925,-1.254562,4.390966,-8.748413
109742542,0.055824,-0.103121,-0.018253,-1.489193,4.434062,-8.848969
109782535,0.066482,-0.018519,-0.033974,-1.268927,4.256891,-8.566454
109822551,-0.149885,-0.019585,0.014123,-1.541866,4.496311,-8.906430
109862636,0.131100,0.027046,-0.001466,-1.422156,4.620809,-8.614338
109902521,-0.048896,0.009726,0.025047,-1.441309,4.587290,-8.815451
109942520,0.126170,0.032908,0.026913,-1.426944,4.587290,-8.853758
109982527,0.024381,0.030643,0.036905,-1.412579,4.620809,-8.906430
110022544,0.142957,0.019052,0.050495,-1.254562,4.491522,-9.016563
110062634,0.013456,-0.000666,0.061286,-1.340753,4.376601,-9.165004
110103504,0.122306,-0.046231,0.005462,-1.422156,4.702212,-9.126697
110142528,0.066083,-0.058888,0.025181,-1.369483,4.295198,-9.030929
110182569,0.069813,-0.071945,0.030776,-1.474828,4.529830,-8.892065
110222564,0.047963,-0.107518,0.068747,-1.436521,4.108450,-9.035717
110262600,0.027845,-0.118176,0.094194,-1.522712,4.266468,-8.815451
110302553,0.050894,-0.098724,0.004796,-1.446098,4.271256,-8.738836
110342587,0.065283,-0.055424,0.029977,-1.177947,4.012682,-8.705318
110382552,0.089265,-0.026646,0.022649,-1.412579,4.501099,-8.652645
110423525,-0.019851,-0.018386,0.023182,-1.278504,4.390966,-8.547300
110463663,-0.073677,0.005729,0.033175,-1.532289,4.352659,-8.954314
110502571,0.073277,0.011591,0.049296,-1.340753,3.835511,-9.021352
110543516,0.033175,-0.005862,0.115911,-1.268927,3.821146,-9.069236
110583566,-0.048096,-0.051560,0.105519,-1.527501,3.711013,-9.169792
110623533,-0.138161,-0.100590,0.127769,-1.206678,3.696647,-9.184157
110663556,-0.138028,-0.150152,0.204510,-1.426944,4.074931,-9.165004
110704549,-0.073810,-0.131899,0.111515,-1.498770,4.103662,-9.318234
110743529,-0.106452,-0.111648,0.194917,-1.393425,4.252102,-9.179369
110783527,0.111515,-0.128435,0.168538,-1.345541,4.472369,-9.212888
110823568,0.050628,-0.079539,0.126969,-1.460463,4.185065,-8.916007
110863525,0.108583,-0.078740,0.132432,-1.484405,4.199430,-9.035717
110903571,0.155747,-0.059021,0.158945,-1.742979,4.256891,-8.987833
110943526,0.099657,-0.068481,0.131766,-1.565808,4.036624,-8.753202
110983528,-0.002931,-0.049429,0.142291,-1.733402,4.309563,-8.911219
111023572,0.041568,-0.071412,0.140426,-1.340753,4.079720,-8.633492
111063596,-0.088466,-0.092063,0.138960,-1.613692,4.357447,-8.820239
111103543,0.069547,-0.034507,0.135230,-1.561020,4.285621,-8.753202
111143540,-0.053292,-0.048763,0.068081,-1.580173,4.237737,-8.801086
111183530,0.162276,-0.024781,0.067149,-1.632846,4.673482,-8.906430
111223564,-0.106185,-0.045165,0.017187,-1.848324,3.883395,-9.069236
111263543,0.003730,0.022783,0.004263,-1.886631,4.663905,-9.006987
111304530,-0.004930,0.019985,-0.036372,-1.690306,4.438850,-8.935161
111343538,0.048230,0.041701,-0.072345,-1.762132,4.802769,-8.820239
111383899,0.026247,0.060887,-0.068747,-1.651999,4.333505,-8.781932
111423652,0.075276,0.008260,-0.127902,-1.728614,4.802769,-8.829816
111463596,-0.013323,0.065949,-0.188389,-1.723825,4.218584,-8.882488
111506500,0.062752,0.067815,-0.229957,-1.589750,4.730943,-8.868123
111543723,0.012257,0.006662,-0.217300,-1.647211,4.003105,-8.820239
111583855,0.009326,0.059155,-0.251940,-1.599327,4.611232,-8.949526
111623710,0.009593,0.119375,-0.202645,-1.714248,3.983952,-8.858546
111664692,0.077008,0.106851,-0.224228,-1.618480,4.726154,-9.193734
111704544,0.083536,0.131233,-0.240083,-1.546654,4.022259,-8.872911
111744529,0.003597,0.098191,-0.260334,-1.388637,4.692636,-8.968679
111784579,0.023982,0.157613,-0.255138,-1.604115,4.165911,-8.997410
111824613,0.124038,0.123505,-0.297372,-1.484405,4.707001,-8.896853
111864563,0.116444,0.138560,-0.243680,-1.537078,4.180276,-8.805874
111904550,0.061153,0.128302,-0.257669,-1.575385,4.338294,-8.858546
111944545,0.177864,0.096459,-0.244746,-1.446098,3.801992,-8.729260
111984557,-0.045165,0.045299,-0.198914,-1.647211,4.252102,-9.026140
112024576,-0.032375,0.051294,-0.190387,-1.656788,3.682282,-9.040505
112064577,-0.078207,0.000533,-0.169870,-1.608904,4.170700,-9.126697
112104543,-0.001066,0.070346,-0.174133,-1.532289,4.108450,-9.040505
112144612,0.021184,0.011858,-0.136695,-1.561020,4.141969,-8.983045
112184576,0.048230,0.049296,-0.160943,-1.489193,4.007894,-8.724471
112224607,-0.040769,0.037038,-0.118176,-1.623269,4.065354,-8.906430
112264593,0.027179,0.033308,-0.097259,-1.479617,4.256891,-8.901642
112304566,-0.013456,0.034374,-0.105386,-1.493982,4.151546,-8.839393
112344677,-0.081138,0.019185,-0.118576,-1.613692,4.304775,-8.935161
112384657,0.121240,0.045032,-0.080205,-1.623269,4.242526,-8.872911
112424590,-0.052360,0.041968,-0.119375,-1.671153,3.964798,-9.093178
112464585,0.059954,0.035440,-0.120175,-1.651999,4.529830,-9.074024
112505556,0.010392,-0.014655,-0.100190,-1.628057,3.763685,-9.045294
112544602,0.030510,-0.005063,-0.068881,-1.537078,4.209007,-8.939949
112584577,-0.016387,-0.023315,-0.102588,-1.604115,3.907337,-8.978256
112624611,0.022516,-0.001199,-0.041168,-1.723825,4.113238,-8.925584
112664569,0.083003,0.024781,-0.034240,-1.541866,3.964798,-8.734048
112704619,-0.036106,-0.017986,-0.031043,-1.704672,4.185065,-9.035717
112744627,0.026646,0.041968,-0.008127,-1.680730,4.252102,-8.872911
112784622,-0.049562,0.032242,-0.021317,-1.762132,4.055778,-8.801086
112824692,0.072211,0.075009,0.011058,-1.584962,4.505888,-8.724471
112864568,0.080072,0.078740,0.015055,-1.527501,4.098873,-8.810662
112904583,0.012790,0.053426,0.037305,-1.972822,4.314352,-8.863335
112944591,0.088332,0.015188,0.021450,-1.728614,4.218584,-8.791509
112985529,-0.026513,0.022649,0.066749,-1.805228,4.386178,-8.801086
113024625,0.024515,0.014789,0.090464,-1.719037,4.137180,-9.040505
113065563,0.036106,-0.077141,0.104453,-1.671153,4.194642,-8.911219
113106559,-0.020384,-0.135230,0.084469,-1.637634,4.333505,-8.944737
113145552,-0.029711,-0.142424,0.070746,-1.771709,4.108450,-8.939949
113185532,-0.080605,-0.097392,0.082337,-1.623269,4.295198,-8.705318
113225601,-0.105919,-0.105919,0.084735,-1.599327,4.592079,-8.695741
113265547,-0.010126,-0.084735,0.088466,-1.436521,4.007894,-8.518570
113305581,-0.142691,-0.011058,0.089931,-1.326388,4.280833,-8.724471
113345545,0.113247,0.114446,0.054358,-1.053449,4.036624,-8.628703
113385573,0.033041,0.160410,0.136962,-1.144428,3.974375,-8.791509
113425569,0.066749,0.210372,0.130700,-1.039083,4.654328,-8.834604
113465586,0.072345,0.219432,0.133498,-0.900220,4.635174,-8.968679
113505542,0.041435,0.188789,0.088332,-1.043872,4.702212,-9.318234
113545572,0.099790,0.199580,0.043167,-0.756568,4.692636,-9.222465
113585568,0.259801,0.193052,-0.048096,-0.847547,4.510676,-9.356541
113625592,0.229824,0.118309,-0.083669,-0.746991,4.630386,-8.901642
113665571,0.182127,0.102455,-0.168937,-0.823605,4.170700,-9.026140
113705615,0.049562,0.098325,-0.191320,-1.110910,4.189853,-9.102755
113745596,0.023715,0.038770,-0.189055,-1.197101,3.849876,-9.265560
113786546,-0.079939,0.071945,-0.186657,-1.321599,4.343082,-8.762778
113826555,-0.112314,0.092462,-0.177864,-1.244985,4.261679,-8.839393
113866576,-0.117910,0.121773,-0.186124,-1.130063,3.998317,-8.714894
113906565,-0.206375,0.068214,-0.185858,-1.235408,3.653552,-9.476251
113946554,-0.111781,0.138427,-0.233155,-1.297657,4.390966,-9.174581
113986575,-0.140026,0.025580,-0.238884,-1.527501,3.596091,-9.145850
114026614,-0.103521,0.078606,-0.178530,-1.575385,3.873818,-8.887277
114066585,-0.185191,0.072345,-0.176265,-1.441309,3.878607,-9.222465
114106596,-0.235953,0.068481,-0.225427,-1.206678,4.232949,-9.169792
114146594,-0.087799,0.049429,-0.229424,-1.297657,3.816358,-9.299079
114186600,-0.002132,0.103387,-0.276855,-1.149217,3.974375,-9.016563
114226714,-0.104320,0.033974,-0.234887,-1.474828,3.672705,-9.500193
114266632,-0.018652,0.015988,-0.193185,-1.431733,4.046201,-9.351752
114306606,0.069014,0.056090,-0.114579,-1.335965,3.778050,-9.299079
114346602,-0.108717,0.035972,-0.172002,-1.503559,4.141969,-9.342175
114386596,-0.019585,0.006928,-0.225694,-1.537078,4.347870,-9.615114
114426609,0.182260,0.039570,-0.226760,-1.407791,4.295198,-9.342175
114466597,0.187856,0.030377,-0.237685,-1.474828,3.849876,-9.165004
114506576,0.214902,0.003198,-0.260467,-1.465251,3.983952,-9.227253
114546603,0.263931,0.006129,-0.248876,-1.431733,3.873818,-9.088389
114586637,0.112047,-0.033308,-0.206508,-1.728614,3.754108,-9.399636
114626652,0.225028,0.005462,-0.205842,-1.637634,4.046201,-9.064447
114666631,0.141891,0.016920,-0.177597,-1.532289,3.739743,-9.265560
114707570,0.150152,-0.033974,-0.151351,-1.493982,3.845088,-9.141062
114747579,0.182127,-0.008260,-0.160810,-1.379060,3.624821,-9.169792
114787551,0.244879,0.062885,-0.129900,-1.273715,3.620033,-9.193734
114827572,0.270459,0.001998,-0.059421,-1.264138,3.351882,-9.093178
114867598,0.278986,-0.024781,0.004397,-1.393425,3.529053,-9.174581
114907606,0.327616,0.041568,0.076475,-1.316811,2.987964,-9.279925
114947613,0.186923,-0.049962,0.124038,-0.995988,2.853889,-9.509769
114987616,0.204776,-0.028245,0.155614,-1.058237,3.078943,-9.150639
115027582,0.078340,-0.112714,0.208107,-0.699107,2.595315,-9.351752
115067615,0.082737,-0.159611,0.226760,-0.493206,3.155558,-9.284714
115107598,0.086867,-0.190521,0.280319,-0.632069,2.772486,-9.303867
115147666,0.088998,-0.229025,0.321753,-0.900220,3.107674,-9.212888
115187591,0.042234,-0.263265,0.424608,-1.082179,2.667141,-9.567230
115227667,-0.024781,-0.269793,0.488959,-0.890643,2.834735,-9.318234
115267614,-0.099790,-0.305233,0.555441,-0.842759,2.652776,-9.255983
115307768,-0.079939,-0.325750,0.567432,-0.900220,3.126827,-9.270349
115347653,-0.086334,-0.296573,0.606868,-1.024718,2.944868,-9.399636
115387642,-0.160544,-0.321887,0.590614,-1.221043,3.495534,-9.629479
115427646,0.000266,-0.349199,0.629784,-1.527501,3.907337,-9.610326
115467636,-0.022916,-0.293109,0.595943,-1.201889,3.576937,-9.567230
115508610,0.008527,-0.274590,0.581954,-1.369483,3.845088,-9.691729
115547625,0.171868,-0.253939,0.536922,-1.077391,3.797204,-9.792285
115587624,0.131499,-0.172934,0.530394,-1.484405,3.476381,-9.864111
115627631,0.221297,-0.135896,0.500816,-1.312023,3.979163,-9.572019
115668576,0.271792,-0.063018,0.406888,-1.340753,3.284845,-9.548077
115707753,0.238217,0.024648,0.376778,-1.632846,3.658340,-9.696517
115747658,0.421810,0.076608,0.285648,-1.450886,3.251326,-9.615114
115788571,0.375845,0.097392,0.208640,-1.235408,3.270479,-9.667787
115828580,0.299104,0.091796,0.152949,-1.302446,3.256114,-9.725247
115868600,0.432735,0.137628,0.116844,-1.197101,3.251326,-9.964667
115908626,0.397829,0.110049,0.052626,-1.221043,2.806004,-10.122684
115948639,0.342138,0.103521,0.024914,-1.393425,3.179500,-9.969456
115988623,0.464844,0.081005,0.025580,-1.450886,2.604892,-10.041282
116028625,0.419412,0.073544,-0.031309,-1.455675,2.691083,-9.840169
116068662,0.328415,0.077407,-0.061153,-1.541866,2.178724,-10.180145
116108612,0.355461,0.052093,-0.085534,-1.599327,2.801216,-9.988609
116148639,0.434600,0.087533,-0.089531,-1.877054,2.351106,-10.079589
116188650,0.568897,0.077274,-0.136562,-1.661576,2.178724,-9.744401
116228674,0.463245,0.097659,-0.164407,-1.532289,1.924938,-9.988609
116268631,0.287513,0.108051,-0.203711,-1.862689,1.795651,-9.921572
116308635,0.372115,0.103787,-0.172268,-1.508347,1.853112,-9.586384
116348660,0.416747,0.113513,-0.219299,-1.474828,1.517924,-9.749189
116388650,0.366519,0.081138,-0.213170,-1.489193,1.024718,-9.658210
116428657,0.341738,0.048363,-0.301502,-1.465251,1.312023,-9.595961
116468906,0.207441,0.003064,-0.257270,-1.244985,1.110910,-10.050858
116508760,0.259268,-0.064351,-0.274723,-1.043872,1.063026,-9.658210
116548635,0.221564,-0.061553,-0.302168,-1.158794,1.039083,-9.753978
116589632,0.221697,-0.100989,-0.256603,-1.498770,1.110910,-10.089166
116629578,0.205576,-0.144156,-0.250608,-1.168370,0.325611,-9.878476
116669627,0.157479,-0.114046,-0.192652,-1.436521,0.330400,-10.232818
116709593,0.077141,-0.148420,-0.183326,-1.446098,0.181959,-9.720459
116749588,-0.164807,-0.191720,-0.112580,-0.861913,0.172383,-9.854534
116789602,-0.179729,-0.151750,-0.081138,-1.024718,0.201113,-9.797073
116829680,-0.409286,-0.187323,-0.048763,-1.264138,0.191536,-10.400413
116869612,-0.260067,-0.168538,-0.032775,-1.393425,0.742203,-10.295067
116909617,-0.126170,-0.142557,-0.056890,-1.675941,1.082179,-10.007763
116949593,-0.095926,-0.172401,-0.082470,-1.460463,1.000776,-9.720459
116989620,0.088599,-0.048096,-0.081671,-1.283292,1.656788,-10.146626
117029659,0.314692,-0.032109,-0.067282,-1.493982,1.005565,-10.170568
117069601,0.517204,-0.003064,-0.077274,-1.426944,0.962469,-9.572019
117109668,0.525198,0.027312,-0.054092,-1.446098,0.474052,-9.605537
117149610,0.381041,0.075542,0.019185,-1.048660,-0.363919,-9.643845
117189644,0.064351,0.009193,-0.012257,-1.326388,-0.047884,-9.974244
117229608,0.077008,-0.039703,0.048896,-1.522712,0.086191,-10.242394
117269627,0.255138,-0.003730,0.021717,-1.364695,0.263362,-9.849746
117309665,0.177730,-0.018253,0.053959,-1.254562,-0.215478,-9.888053
117349613,0.259401,0.062086,-0.010525,-1.316811,0.316035,-9.514558
117389649,0.239949,-0.019185,0.031176,-1.335965,-0.478840,-9.768343
117429629,0.426207,0.064351,0.041168,-1.326388,0.043096,-9.308656
117469667,0.336809,0.096992,0.097525,-1.355118,-0.220267,-9.897630
117509635,0.291377,0.105919,0.139893,-1.455675,-0.124498,-9.911995
117549639,0.430204,0.164541,0.081404,-0.895431,-0.287304,-9.509769
117589672,0.222763,0.099391,0.174400,-1.340753,-0.646435,-9.610326
117629780,0.440196,0.157479,0.108717,-1.058237,-0.196325,-9.318234
117669678,0.392366,0.183859,0.112314,-1.005565,-0.938527,-9.241618
117709622,0.261266,0.170003,0.093528,-1.177947,-0.861913,-9.088389
117749618,0.413816,0.214103,0.100989,-1.000776,-1.225831,-8.848969
117789631,0.163608,0.163608,0.123505,-0.948104,-1.781286,-8.935161
117829658,-0.081005,0.152017,0.081271,-0.895431,-1.833959,-8.839393
117869655,-0.277521,0.065949,0.059954,-1.335965,-1.924938,-9.145850
117909674,-0.268727,0.050495,0.080205,-1.350330,-1.192312,-9.447520
117949680,-0.247943,0.016787,0.027579,-1.039083,-1.067814,-9.797073
117990668,-0.173067,0.010259,0.005596,-1.091756,-1.086968,-9.725247
118030702,-0.182926,-0.033841,-0.061020,-1.067814,-0.852336,-9.586384
118070606,-0.164141,-0.064484,-0.124571,-1.139640,-1.015141,-9.806650
118110626,-0.289378,-0.034507,-0.108850,-1.125275,-0.938527,-9.935937
118150627,-0.138294,-0.076342,-0.103920,-1.168370,-0.483629,-9.643845
118190650,-0.314959,-0.118576,-0.171735,-1.292869,-0.948104,-9.892841
118230611,-0.408087,-0.161876,-0.114312,-1.130063,-0.330400,-9.730036
118270602,-0.448190,-0.148153,-0.210239,-1.393425,-0.344765,-9.672575
118310624,-0.538920,-0.090464,-0.194917,-1.268927,-0.062249,-9.706094
118350666,-0.404357,-0.110982,-0.221297,-1.043872,0.268151,-9.672575
118390816,-0.530793,-0.159744,-0.227825,-1.201889,-0.210690,-9.931149
118430718,-0.654299,-0.144556,-0.171469,-1.393425,0.234632,-10.079589
118470637,-0.687207,-0.162409,-0.162942,-0.828394,0.938527,-9.935937
118510698,-0.669221,-0.154149,-0.142557,-1.584962,0.957681,-10.117896
118550642,-0.612997,-0.156147,-0.170536,-1.053449,1.537078,-9.533711
118590696,-0.656697,-0.111248,-0.115778,-1.307234,1.685518,-9.423578
118630735,-0.549179,-0.041835,-0.098858,-1.067814,1.848324,-9.562442
118670695,-0.633248,-0.062752,-0.049429,-1.431733,1.929727,-9.634268
118710871,-0.415948,-0.030910,-0.023982,-1.532289,2.604892,-8.978256
118750688,-0.706925,-0.098058,0.044632,-1.350330,1.599327,-9.466674
118790725,-0.642308,-0.089531,0.025714,-1.149217,2.997541,-8.901642
118830666,-0.502815,-0.122440,0.049828,-1.134852,2.513912,-8.719683
118870641,-0.804051,-0.173734,0.075276,-1.570596,2.628834,-9.366117
118910793,-0.882257,-0.163741,0.068081,-1.541866,3.117251,-8.820239
118950701,-0.846551,-0.174666,0.076075,-1.110910,3.672705,-8.767567
118990688,-0.745962,-0.199047,0.092196,-1.455675,4.438850,-8.872911
119030704,-0.464178,-0.173734,0.090198,-1.570596,4.520253,-8.729260
119071657,-0.383040,-0.145622,0.095793,-1.920150,4.659117,-8.920795
119110715,-0.433534,-0.164674,0.135230,-1.824382,4.606444,-8.820239
119150766,-0.572761,-0.146821,0.127769,-1.479617,5.176264,-8.944737
119191738,-0.583953,-0.154815,0.206242,-2.073379,5.544971,-9.064447
119231662,-0.242214,-0.063152,0.176398,-1.733402,5.813122,-8.485051
119271621,-0.306965,-0.056090,0.194518,-1.958457,5.295974,-8.580819
119311645,-0.312827,-0.023315,0.203844,-1.853112,5.592855,-8.547300
119351653,-0.243547,-0.039436,0.121240,-1.805228,5.789180,-8.781932
119391693,-0.190654,-0.047430,0.170403,-1.991976,5.640739,-8.322245
119431652,-0.225427,-0.039170,0.217833,-1.833959,5.856217,-8.145074
119471649,-0.201312,-0.031443,0.171469,-1.996764,5.334281,-7.637504
119511651,-0.451254,-0.051960,0.178397,-2.035071,5.717354,-7.742848
119551636,-0.423675,-0.089265,0.158945,-1.613692,5.760449,-7.738060
119591647,-0.606602,-0.106718,0.166406,-2.126051,5.961562,-7.987057
119631643,-0.344669,-0.098058,0.148553,-2.413355,6.311116,-7.192182
119671747,-0.460847,-0.108850,0.115645,-1.790863,6.612785,-7.675811
119711655,-0.190387,-0.040103,0.005862,-2.044648,7.134721,-7.412448
119751678,-0.167472,-0.047963,-0.027179,-2.149993,6.665458,-7.311892
119791714,-0.081804,-0.021051,-0.027712,-2.336741,6.991069,-7.503428
119831662,-0.024381,0.014922,-0.057423,-2.030283,6.560113,-7.321469
119871651,-0.483363,-0.112181,0.033308,-2.336741,6.359000,-7.915231
119911674,-0.208640,-0.081404,0.068081,-1.987187,6.952762,-7.101202
119951650,-0.608467,-0.165873,0.062619,-2.039860,6.560113,-7.479486
119991691,-0.136429,-0.131499,0.030243,-1.862689,7.374141,-7.216124
120031684,-0.084335,-0.092729,0.045299,-2.116474,7.101202,-7.101202
120072657,-0.055424,-0.167338,-0.012124,-2.030283,7.120356,-7.034164
120112661,-0.071945,-0.203444,0.051560,-2.308010,7.335834,-7.120356
120152642,-0.042900,-0.203444,0.027712,-2.173935,7.455544,-6.871359
120192668,-0.225427,-0.268861,0.019851,-2.130840,7.201759,-6.780379
120232634,-0.081804,-0.235286,0.033574,-2.365471,7.637504,-6.742072
120272623,-0.045032,-0.279519,-0.030643,-2.154782,7.264008,-6.493075
120312648,0.014655,-0.238484,-0.007594,-2.260126,7.580042,-6.320693
120352675,-0.060087,-0.183060,0.016787,-2.303222,7.120356,-6.282385
120392647,-0.058489,-0.201179,0.026113,-2.288857,7.805098,-6.248867
120432695,-0.076475,-0.225028,-0.005729,-1.982399,6.794745,-6.641516
120472646,0.143757,-0.142557,-0.007594,-2.327164,7.556100,-6.277597
120512657,0.241415,-0.128968,0.001466,-2.202666,6.861782,-6.062119
120552667,-0.091530,-0.141358,0.091130,-2.346318,6.766014,-5.894525
120592657,-0.135096,-0.066749,0.084868,-2.231396,7.647080,-6.143522
120632655,0.046098,-0.025580,0.108717,-2.145205,7.086837,-6.162675
120672643,0.069813,0.026779,0.097925,-2.279280,7.651869,-6.440403
120712667,0.251541,0.044366,0.096060,-2.312799,7.173028,-6.095637
120752662,0.004263,0.027712,0.139760,-2.279280,7.422025,-6.277597
120792701,0.192919,0.034640,0.099923,-2.121263,7.374141,-6.023811
120832761,0.245945,0.069280,0.037305,-1.991976,7.829040,-6.033388
120872677,0.204776,0.067948,-0.056890,-1.915361,7.350199,-6.354211
120913618,0.121640,0.030776,-0.161876,-1.915361,7.450756,-6.215348
120953656,-0.074077,0.013590,-0.205976,-2.331953,7.072472,-6.574478
120993655,0.035173,-0.005063,-0.217567,-2.456451,7.196970,-6.727707
121033644,-0.102988,-0.080338,-0.225161,-2.528277,6.852205,-6.766014
121073686,-0.224894,-0.057822,-0.227825,-2.595315,7.163452,-6.689400
121113689,0.013856,-0.047297,-0.232089,-2.456451,7.220912,-6.545747
121153682,-0.067948,-0.001998,-0.200380,-2.600103,6.967127,-6.540959
121193847,0.057956,0.026113,-0.136562,-2.341529,6.938396,-6.057330
121233645,0.018652,0.054891,-0.113913,-2.375048,7.086837,-6.507440
121273654,0.142824,0.026913,-0.109383,-2.303222,6.967127,-6.047753
121313677,-0.118176,0.007594,-0.042634,-2.341529,6.852205,-6.536171
121353677,0.064484,-0.006795,-0.069413,-2.102109,6.866571,-6.239290
121393682,-0.172401,-0.004130,-0.083936,-2.245761,6.914454,-6.612785
121433709,0.039703,-0.015855,-0.035706,-2.260126,7.096414,-6.464345
121474631,-0.261799,-0.054758,-0.006795,-2.341529,6.866571,-6.344635
121514637,-0.122573,-0.065017,-0.005329,-2.379837,7.589619,-6.387730
121554661,-0.119508,-0.059688,-0.016654,-2.418144,7.062895,-6.349423
121594646,-0.144289,-0.005462,-0.032908,-2.518700,7.532158,-6.449979
121634645,-0.043833,0.063951,-0.064484,-2.245761,7.441179,-6.277597
121674648,-0.035573,0.121107,-0.090464,-2.466028,7.469909,-6.253655
121714632,0.155214,0.168404,-0.089132,-2.303222,7.532158,-5.999869
121754663,0.036239,0.148153,-0.101123,-2.901773,7.642292,-6.042965
121794725,0.162542,0.211438,-0.123505,-2.820370,7.594408,-5.966351
121834679,0.013856,0.199181,-0.067415,-2.657564,7.005434,-6.071695
121874737,-0.172135,0.219698,-0.097792,-2.762909,7.311892,-6.177041
121914671,-0.059821,0.252873,-0.142824,-2.590526,7.134721,-6.023811
121954705,-0.001199,0.238351,-0.196383,-2.743755,7.709330,-6.114791
121994822,0.189588,0.268328,-0.220631,-2.561796,7.450756,-5.770026
122034740,-0.166006,0.236485,-0.200779,-2.901773,6.880936,-6.019023
122074820,-0.039303,0.261400,-0.202511,-2.753332,7.230489,-6.019023
122114735,-0.237418,0.187989,-0.215302,-2.667141,6.880936,-6.172252
122154700,-0.175998,0.203711,-0.227293,-2.987964,7.244854,-6.244078
122194716,-0.090064,0.235953,-0.275922,-3.045424,7.062895,-5.932832
122235646,-0.281251,0.235953,-0.255005,-3.083732,7.268796,-6.009446
122275650,-0.133764,0.246345,-0.280585,-2.987964,7.450756,-5.904101
122315711,-0.277521,0.327616,-0.273923,-3.169923,7.139510,-5.899313
122355744,-0.079939,0.415149,-0.322020,-3.251326,7.474698,-5.693412
122395658,-0.029444,0.441928,-0.292309,-3.303998,7.340622,-5.784391
122435688,0.034507,0.448323,-0.343470,-3.198653,7.584831,-5.923255
122475746,-0.072345,0.460047,-0.371715,-3.208230,7.077260,-5.813122
122515705,-0.063152,0.511342,-0.377711,-2.753332,7.216124,-5.884948
122555689,-0.033308,0.571695,-0.344136,-2.489970,7.182605,-5.822699
122595731,-0.274590,0.482164,-0.363588,-2.513912,7.785944,-6.560113
122635673,0.093129,0.439663,-0.501482,-2.413355,9.145850,-7.187394
122675673,0.090997,0.380375,-0.548513,-2.446874,6.766014,-6.564901
122715689,-0.315625,0.322819,-0.473237,-2.437297,6.938396,-6.110003
122755736,-0.149352,0.361057,-0.457916,-2.418144,7.196970,-5.918467
122795711,-0.308830,0.391300,-0.442061,-2.217031,6.713342,-6.282385
122835748,-0.172801,0.393832,-0.402625,-2.284068,7.460332,-6.335058
122875765,-0.009992,0.432335,-0.391433,-2.020706,6.799533,-6.703765
122916652,-0.135763,0.267395,-0.304567,-2.106898,6.574478,-7.278373
122955743,0.037971,0.237152,-0.223296,-2.039860,6.813898,-6.397307
122996666,-0.188922,0.323485,-0.109783,-1.374272,7.206547,-6.014235
123036713,-0.119775,-0.187723,-0.140692,-2.686294,7.182605,-7.240066
123076644,0.060620,0.062352,-0.018119,-1.766921,7.091625,-6.837840
123116648,-0.218100,0.039969,0.062619,-1.996764,6.708553,-6.770803
123156712,0.017587,0.004397,0.082070,-2.011129,7.163452,-6.521805
123196814,-0.000799,-0.022783,0.167338,-1.958457,7.029376,-6.354211
123236701,-0.093795,-0.109116,0.231289,-1.948880,6.919243,-6.651093
123276718,-0.149752,-0.216634,0.272191,-2.063802,7.436390,-6.291962
123316724,0.020518,-0.200380,0.249142,-2.126051,7.465121,-6.320693
123356769,0.000666,-0.259002,0.373181,-2.178724,7.340622,-6.449979
123396838,0.173334,-0.248876,0.384372,-2.030283,7.426814,-6.196194
123436678,0.024248,-0.274723,0.433002,-2.039860,7.345411,-6.148310
123476693,0.078740,-0.293775,0.415282,-1.934515,7.776367,-6.148310
123516705,0.094328,-0.336809,0.434867,-1.896208,7.460332,-6.469133
123556723,0.160011,-0.336675,0.494021,-1.991976,7.709330,-6.138733
123596734,0.087533,-0.352397,0.493755,-2.188300,7.398083,-6.363788
123636758,0.177864,-0.320421,0.468441,-2.236184,7.848193,-6.263232
123676706,0.139360,-0.326283,0.409153,-2.116474,7.383718,-6.205771
123717658,0.079672,-0.285248,0.465377,-2.140416,7.436390,-5.999869
123757690,0.180662,-0.214236,0.410219,-2.384625,7.479486,-5.841852
123797671,0.147354,-0.185724,0.387436,-2.298434,7.829040,-6.081272
123837691,0.217833,-0.090464,0.313626,-2.149993,7.441179,-6.167464
123877680,0.276588,0.157879,0.382773,-1.656788,7.536947,-6.291962
123917707,-0.000933,-0.063951,0.216634,-1.790863,7.206547,-6.291962
123957720,0.019052,-0.008793,0.171069,-1.857901,7.982268,-6.133945
123997732,0.119642,0.055025,0.112980,-1.958457,7.776367,-6.320693
124037735,0.224761,0.039570,0.037704,-1.235408,7.302315,-6.081272
124077682,0.068081,0.049429,0.017187,-1.800440,7.513005,-6.153099
124117746,-0.036772,0.075675,-0.042101,-1.651999,7.240066,-6.196194
124157798,-0.165740,0.071412,-0.081005,-1.733402,6.938396,-6.325481
124197760,0.082070,0.120308,-0.039703,-1.565808,7.742848,-5.975927
124237746,-0.040502,0.124172,-0.083936,-1.752556,7.340622,-5.942409
124278706,-0.147620,0.163075,-0.067415,-1.953669,8.097190,-6.076484
124317723,0.042501,0.197049,-0.174799,-2.068590,7.967903,-6.435614
124358683,0.222230,0.235020,-0.200247,-1.929727,7.522582,-5.971139
124398716,0.210772,0.238617,-0.234887,-1.833959,7.072472,-6.598420
124438695,0.405956,0.249942,-0.262066,-1.896208,7.575254,-6.033388
124478696,0.302568,0.262998,-0.268594,-2.149993,6.971915,-6.684611
124518668,0.398095,0.227293,-0.259002,-1.541866,6.675035,-6.521805
124558712,0.037971,0.129234,-0.194118,-1.551443,5.717354,-7.230489
124598711,0.003864,0.050495,-0.117510,-1.666364,6.665458,-6.636727
124638714,0.005063,0.053825,-0.084602,-1.891419,6.909666,-6.382942
124678687,0.052760,0.059821,-0.070080,-1.661576,6.660669,-6.737284
124718724,0.142691,-0.132698,-0.061420,-2.308010,7.019799,-6.885724
124758732,-0.250608,-0.010658,0.049828,-1.240196,7.259220,-7.642292
124798806,0.156680,-0.013190,0.080871,-1.795651,7.311892,-6.349423
124838756,-0.035573,0.033041,0.050095,-1.426944,7.077260,-6.651093
124878738,0.121773,0.042634,0.017453,-1.331176,8.054094,-6.550536
124919665,0.224228,0.050761,-0.049429,-1.364695,7.436390,-7.015011
124959672,0.184792,0.036106,-0.018119,-1.340753,7.220912,-6.493075
124999688,0.112980,0.063685,-0.009193,-1.307234,7.101202,-6.943185
125039700,0.257669,0.075142,-0.045432,-1.470040,7.383718,-6.478710
125079687,0.244346,0.026380,-0.019851,-1.154005,7.292738,-6.828263
125119713,-0.007061,0.016920,-0.069413,-1.388637,7.738060,-7.752425
125159726,0.185724,-0.033708,-0.160144,-0.938527,7.963115,-7.589619
125199783,0.646838,-0.019985,-0.170669,-1.101333,7.790732,-7.134721
125239757,0.460580,-0.032375,-0.197315,-0.962469,6.421249,-7.632715
125279708,0.535856,0.065417,-0.211438,-1.053449,7.173028,-7.627927
125319731,0.599141,-0.032508,-0.163475,-1.091756,6.569689,-7.829040
125359746,0.554109,-0.012124,-0.161609,-1.345541,6.761226,-7.924808
125399756,0.610732,0.027579,-0.174799,-1.326388,6.651093,-7.857770
125440714,0.568631,-0.007727,-0.137095,-1.479617,6.349423,-7.910442
125480681,0.586484,-0.010126,-0.150152,-1.091756,5.204995,-7.671022
125520718,0.307631,-0.070613,-0.085401,-1.307234,5.334281,-7.637504
125560693,0.220098,-0.061420,-0.022250,-1.628057,5.506664,-8.322245
125600725,0.471106,0.002132,-0.025580,-1.982399,6.191406,-8.671799
125640756,0.668155,-0.039836,-0.040236,-2.154782,5.564125,-8.681376
125680738,0.525198,0.044632,-0.146421,-1.757344,4.635174,-8.695741
125720725,0.571429,0.058622,-0.099391,-1.651999,4.424485,-8.470686
125760713,0.289911,0.078740,-0.072211,-2.102109,4.074931,-8.810662
125800771,0.262332,0.048629,-0.025714,-2.087744,4.606444,-8.820239
125840735,0.135363,0.073943,0.011458,-2.231396,4.639963,-9.150639
125880739,0.315225,0.065683,0.073410,-2.250550,5.070919,-9.035717
125920733,0.495620,0.139093,0.018119,-1.924938,4.390966,-8.719683
125960731,0.127103,0.066349,0.001199,-1.910573,3.825934,-8.571242
126000735,0.133231,0.132432,-0.045565,-1.867477,4.199430,-8.384495
126040759,0.008926,0.135363,-0.049695,-1.996764,3.323152,-8.868123
126081677,0.220098,0.149752,-0.021184,-1.786075,3.955221,-8.561666
126121682,0.062219,0.095660,-0.035706,-1.752556,3.342306,-8.896853
126161673,0.225028,0.090997,-0.065949,-1.723825,3.390190,-8.671799
126201690,0.261400,0.085534,-0.131766,-1.642422,2.959233,-8.944737
126241701,0.077141,0.045165,-0.178130,-1.527501,3.083732,-9.174581
126281689,0.046764,-0.006262,-0.179462,-1.824382,2.777274,-9.346964
126321685,-0.082603,-0.024515,-0.212637,-1.934515,3.830723,-9.390059
126361746,0.057556,-0.062352,-0.224361,-1.651999,3.552995,-9.667787
126401766,0.232888,-0.010925,-0.232355,-1.651999,3.744531,-9.375694
126441717,0.271658,-0.042368,-0.217034,-1.479617,3.088520,-9.356541
126481701,0.248210,-0.051161,-0.150285,-1.489193,2.695871,-9.428367
126521720,0.192652,-0.004130,-0.137761,-1.527501,2.954445,-9.093178
126561719,0.048230,-0.033175,-0.119908,-1.565808,2.667141,-9.591172
126601793,0.174266,0.027579,-0.076608,-1.264138,3.040636,-9.356541
126641739,0.051427,0.065283,-0.078873,-1.383849,2.657564,-9.859323
126681749,0.196116,0.160810,-0.074476,-0.924162,3.131616,-9.725247
126721693,0.030643,0.204510,0.029311,-0.794875,2.734178,-10.022128
126761727,0.232489,0.218766,0.114446,-0.679953,2.920926,-9.797073
126801765,0.225694,0.280185,0.170802,-0.253785,2.379837,-9.758766
126841781,-0.041701,0.245545,0.176132,-0.536301,2.370260,-9.859323
126882696,0.030110,0.310162,0.223162,-0.210690,2.906561,-10.041282
126922780,-0.179862,0.249675,0.319355,-0.138864,2.604892,-10.065224
126962813,0.110848,0.236752,0.390900,-0.100556,3.466804,-10.132261
127002692,0.199447,0.176531,0.440196,0.225055,2.997541,-9.959879
127042750,0.105519,0.091663,0.469773,-0.205901,2.863465,-9.931149
127082712,0.240482,0.056357,0.501216,-0.186748,3.098097,-9.428367
127122750,-0.069946,-0.040902,0.570896,-0.172383,2.786851,-9.811439
127162789,0.063685,-0.064084,0.630184,-0.292093,3.552995,-9.394848
127202832,0.135896,-0.156547,0.715319,-0.339977,3.337517,-9.165004
127242769,-0.056623,-0.240482,0.751158,-0.478840,3.394978,-9.045294
127282817,0.131899,-0.331746,0.745962,-0.526724,3.394978,-8.920795
127322893,-0.063285,-0.348000,0.777671,-0.335188,3.193865,-8.863335
127362826,-0.041035,-0.442328,0.776871,-0.517148,3.447650,-9.030929
127402802,0.063418,-0.388369,0.805383,-0.421380,3.246537,-9.093178
127443706,-0.047830,-0.477101,0.824035,-0.885855,3.093309,-9.284714
127483749,-0.079406,-0.570363,0.922626,-1.168370,3.055001,-9.318234
127523792,-0.170136,-0.633914,1.019619,-1.307234,3.294421,-9.476251
127563780,-0.154282,-0.684675,1.087167,-1.388637,3.280056,-9.217676
127603760,-0.017054,-0.719449,1.180562,-1.719037,3.691859,-8.872911
127643719,-0.083802,-0.685208,1.221331,-1.877054,3.351882,-8.724471
127683741,-0.117110,-0.740233,1.324851,-1.872266,3.557784,-8.470686
127723761,-0.186124,-0.709456,1.370017,-1.776498,3.653552,-8.738836
127763779,-0.106985,-0.706525,1.391467,-1.920150,3.897760,-8.772355
127803757,-0.161343,-0.656963,1.398262,-1.431733,4.352659,-8.987833
127843805,-0.080072,-0.684143,1.307665,-1.403002,4.788404,-9.346964
127883758,0.066216,-0.687074,1.200014,-1.182736,4.869806,-9.318234
127923825,0.037305,-0.672818,1.123806,-1.446098,4.290410,-9.332599
127963773,0.197848,-0.606602,1.002165,-1.527501,4.343082,-8.939949
128003771,0.079273,-0.550911,0.934750,-1.446098,3.538630,-9.188946
128043782,0.083136,-0.462845,0.947807,-1.489193,3.476381,-9.212888
128084708,0.069280,-0.440729,1.006296,-1.403002,4.065354,-9.203311
128124818,0.053559,-0.381308,0.979516,-1.656788,3.830723,-9.222465
128164710,0.069014,-0.397962,0.983380,-1.484405,4.079720,-9.323022
128204745,0.108184,-0.315092,0.981515,-0.895431,4.237737,-9.045294
128244773,0.087799,-0.347201,0.932219,-1.134852,4.012682,-9.284714
128284734,0.302835,-0.281251,0.927289,-0.871489,4.213795,-8.805874
128324814,0.072744,-0.344403,0.867069,-0.842759,3.773262,-9.150639
128364732,0.133897,-0.345602,0.880392,-0.919373,4.343082,-8.882488
128404796,0.154948,-0.343470,0.812178,-0.732626,4.118027,-8.906430
128444826,-0.013723,-0.388636,0.819372,-0.761356,4.055778,-9.040505
128484738,0.079806,-0.341472,0.831230,-0.727837,4.218584,-8.724471
128524787,0.049828,-0.335610,0.762083,-0.574608,3.768473,-8.561666
128564781,-0.112714,-0.340539,0.778870,-1.565808,4.764462,-8.714894
128604909,-0.093928,-0.312827,0.680678,-2.020706,5.276821,-8.470686
128644765,-0.060087,-0.270459,0.597142,-2.255338,5.224148,-8.322245
128684785,-0.022383,-0.226360,0.484162,-2.633622,4.874595,-8.441956
128724786,-0.039037,-0.232355,0.317090,-2.585738,5.458780,-8.111555
128765721,-0.065683,-0.210639,0.202911,-2.829947,5.578490,-8.470686
128804754,0.109649,-0.106052,0.085002,-2.451663,5.683835,-8.413225
128845744,-0.022516,-0.100190,-0.024648,-2.384625,5.564125,-8.456321
128885715,0.046098,-0.040502,-0.054891,-1.934515,5.262455,-8.327033
128925796,0.042900,-0.069813,-0.096193,-2.073379,4.711789,-8.604761
128965764,-0.006795,-0.079406,-0.120574,-1.752556,4.960786,-8.719683
129005751,0.063951,-0.049962,-0.151484,-1.862689,5.075707,-8.671799
129045726,0.084735,-0.073144,-0.142158,-1.580173,4.635174,-8.599973
129085770,0.046098,-0.045965,-0.170403,-1.498770,4.568137,-8.748413
129125824,0.055025,-0.028778,-0.201446,-1.388637,4.477157,-8.968679
129165746,0.025980,-0.042501,-0.113913,-1.355118,4.323928,-8.662222
129205801,0.037838,-0.030110,-0.119242,-1.695095,4.515464,-8.714894
129246760,0.085934,-0.030377,-0.069946,-1.498770,4.481946,-8.829816
129285796,0.029844,0.035306,-0.063418,-1.771709,4.027047,-8.920795
129325819,-0.034907,-0.000533,-0.021317,-1.422156,4.314352,-8.676587
129365772,-0.052893,0.015588,0.025980,-1.546654,4.429273,-8.901642
129405770,0.041568,-0.010792,-0.008260,-1.398214,4.639963,-8.858546
129445745,0.021983,0.019452,-0.013456,-1.742979,4.477157,-8.781932
129485784,-0.008127,0.023715,-0.046498,-1.776498,4.687847,-8.839393
129525846,0.020518,0.074609,-0.044233,-1.589750,4.386178,-8.590396
129566735,-0.033974,0.041035,-0.045299,-1.666364,4.323928,-8.734048
129606740,-0.088066,0.053692,-0.039969,-1.608904,4.778827,-8.777144
129646730,-0.054225,0.029311,0.038770,-1.484405,4.697424,-8.643068
129686804,-0.007328,-0.007994,-0.040502,-1.450886,4.716578,-8.628703
129726777,-0.104720,-0.011858,-0.003597,-1.517924,4.649540,-8.753202
129766802,-0.048896,-0.013723,-0.002398,-1.436521,4.774038,-8.657434
129806748,-0.075276,-0.067282,-0.003064,-1.407791,4.663905,-8.777144
129846862,-0.010925,0.010126,-0.004930,-1.498770,4.716578,-8.614338
129886751,-0.060354,-0.011058,-0.007727,-1.651999,4.673482,-8.671799
129926763,-0.033175,-0.008394,-0.027712,-1.575385,4.893748,-8.422802
129966764,0.032775,0.027446,-0.000133,-1.675941,4.831499,-8.614338
130006748,-0.069147,0.053559,0.005063,-1.651999,4.611232,-8.738836
130046740,0.034107,0.004930,0.052493,-1.541866,4.855441,-8.437167
130086752,0.026513,0.022916,0.008793,-1.570596,4.678270,-8.614338
130126829,0.023315,0.031576,0.009459,-1.608904,4.764462,-8.528147
130166778,-0.034640,-0.021051,0.011058,-1.546654,4.668694,-8.734048
130206784,-0.032908,0.009326,-0.064484,-1.426944,4.764462,-8.738836
130247729,-0.011325,-0.013323,-0.017187,-1.484405,5.042189,-8.681376
130287766,-0.048496,-0.026913,-0.011191,-1.369483,4.735731,-8.547300
130327742,0.025181,0.022250,-0.009593,-1.781286,5.051765,-8.518570
130367759,-0.008527,-0.004263,-0.013057,-1.551443,4.802769,-8.523358
130407757,0.009459,0.049162,0.013323,-1.690306,4.994305,-8.609550
130447727,0.038770,0.002665,0.002931,-1.426944,4.874595,-8.619126
130487811,0.012257,-0.008660,-0.006262,-1.699883,4.745308,-8.556877
130527735,0.022916,0.023182,-0.009193,-1.460463,4.951209,-8.604761
130567750,-0.040103,-0.016254,0.006262,-1.594538,4.596867,-8.681376
130607766,-0.007194,0.036106,-0.042900,-1.623269,4.941632,-8.576031
130647789,0.010126,0.004796,0.008527,-1.484405,4.850653,-8.580819
130687774,-0.013190,-0.009859,-0.007461,-1.532289,4.821922,-8.710106
130727752,0.085668,-0.010792,0.024248,-1.441309,5.018247,-8.504205
130767791,-0.067415,-0.014522,-0.034640,-1.532289,4.639963,-8.470686
130807782,-0.021583,0.015721,-0.001865,-1.517924,5.075707,-8.599973
130847768,-0.031975,0.010259,-0.016787,-1.541866,5.056554,-8.628703
130887795,0.048896,0.049162,0.022250,-1.623269,5.094861,-8.461109
130928765,-0.005063,0.010392,-0.033308,-1.441309,4.663905,-8.595184
130968728,-0.020384,0.008660,-0.021583,-1.355118,4.821922,-8.465898
131007800,0.034640,0.002265,0.003198,-1.450886,4.951209,-8.441956
131048776,-0.002531,0.025580,0.056757,-1.264138,4.592079,-8.451532
131088765,-0.010126,0.003597,-0.011724,-1.460463,4.850653,-8.671799
131128742,0.045432,0.022383,-0.025980,-1.288081,5.046977,-8.628703
131168753,-0.016654,-0.033308,-0.002265,-1.532289,4.831499,-8.786720
131208753,0.057556,0.021717,-0.027979,-1.441309,5.171476,-8.647857
131248778,-0.009859,-0.003864,-0.026913,-1.470040,4.817134,-8.762778
131288788,0.031975,-0.038371,-0.014655,-1.565808,4.855441,-8.580819
131328795,-0.022383,0.005729,-0.043700,-1.355118,4.764462,-8.504205
131368766,0.009193,-0.010126,-0.028511,-1.551443,4.927267,-8.537724
131408804,0.027179,-0.006928,-0.022383,-1.292869,4.788404,-8.652645
131448790,0.043567,0.022916,0.007994,-1.240196,4.951209,-8.427590
131488825,0.029711,0.003331,-0.011591,-1.393425,4.668694,-8.686164
131528815,0.049029,-0.027845,-0.042767,-1.522712,5.013458,-8.599973
131568832,0.079273,-0.021051,0.035706,-1.235408,4.841076,-8.638280
131608783,0.002931,0.015721,0.010925,-1.307234,4.687847,-8.657434
131649747,0.070746,-0.017320,-0.021184,-1.240196,5.075707,-8.556877
131689795,-0.009060,0.004796,-0.052493,-1.522712,4.707001,-8.762778
131729767,0.065949,-0.016920,-0.033441,-1.470040,4.955997,-8.418014
131769780,-0.050761,-0.030510,-0.029844,-1.527501,4.735731,-8.614338
131809747,-0.030377,-0.039436,-0.006129,-1.340753,4.984728,-8.523358
131849730,0.045832,0.001466,0.039570,-1.335965,5.104438,-8.671799
131889780,-0.055691,-0.003331,-0.026247,-1.541866,4.663905,-8.719683
131929791,0.024248,0.008260,0.000533,-1.412579,5.137957,-8.585608
131969778,0.043433,-0.013057,-0.020651,-1.398214,4.625598,-8.556877
132009771,0.015721,0.027179,-0.002798,-1.479617,4.884172,-8.657434
132049768,0.004930,-0.018386,-0.034907,-1.403002,4.955997,-8.441956
132089832,-0.041435,-0.035306,-0.029311,-1.613692,5.056554,-8.786720
132129826,0.122440,0.012790,-0.033574,-1.417367,5.099649,-8.748413
132169804,0.033574,-0.007194,-0.047031,-1.470040,4.577714,-8.456321
132209764,0.032508,0.001865,-0.037172,-1.498770,4.774038,-8.638280
132249778,0.054225,0.038104,0.024914,-1.326388,4.692636,-8.494628
132289777,-0.023848,-0.025980,0.003198,-1.642422,4.797980,-8.858546
132329810,0.054225,0.025181,0.006395,-1.297657,5.032612,-8.585608
132369778,-0.035040,0.025847,-0.042368,-1.532289,4.711789,-8.542512
132409822,0.058622,0.037571,-0.043966,-1.608904,5.109226,-8.772355
132449798,0.026913,0.037838,-0.047697,-1.470040,4.793192,-8.590396
132490782,-0.024515,0.055957,-0.039570,-1.800440,4.812346,-8.643068
132529806,0.042234,0.074476,-0.105786,-1.685518,4.932056,-8.504205
132569828,0.007461,0.049296,-0.069014,-1.848324,4.553772,-8.470686
132610749,0.016920,0.092196,-0.106851,-2.068590,5.123591,-8.690952
132650754,0.038237,0.130700,-0.187057,-1.996764,5.286397,-8.676587
132690769,0.029311,0.203044,-0.264464,-2.427721,5.099649,-8.997410
132730768,0.162142,0.166939,-0.335210,-2.149993,5.161899,-8.690952
132770769,0.104054,0.197049,-0.432469,-2.480393,4.702212,-8.710106
132810796,0.130167,0.279519,-0.445259,-2.001553,5.042189,-8.518570
132850860,0.209573,0.311228,-0.527995,-2.193089,4.869806,-8.834604
132890873,0.144156,0.350931,-0.633515,-2.025495,4.888960,-9.011775
132930796,0.250342,0.351597,-0.688006,-1.987187,5.018247,-9.093178
132970789,0.301902,0.345868,-0.744363,-1.881843,4.462792,-8.944737
133010859,0.233155,0.379043,-0.792459,-1.838747,4.395754,-8.978256
133050832,0.291377,0.365853,-0.815109,-1.829170,4.553772,-8.954314
133090945,0.235286,0.342138,-0.912634,-1.690306,4.074931,-8.935161
133130815,0.154282,0.299904,-0.949939,-1.742979,3.945644,-8.973468
133170823,0.098858,0.267528,-0.962862,-1.493982,3.892972,-8.882488
133210861,-0.037571,0.269927,-1.029478,-1.594538,3.806781,-8.987833
133250883,0.036639,0.277121,-1.106086,-1.551443,4.132392,-9.050082
133290938,0.052493,0.316291,-1.207075,-1.144428,4.323928,-9.150639
133331840,-0.096193,0.311495,-1.308464,-1.393425,4.223372,-9.141062
133371799,0.003997,0.377178,-1.364288,-1.120486,4.242526,-9.112331
133411780,0.113247,0.443660,-1.452087,-1.134852,4.462792,-8.901642
133451832,0.120708,0.468574,-1.438098,-0.986411,3.854665,-8.901642
133491837,0.212104,0.522133,-1.586384,-0.756568,3.869030,-8.882488
133531831,0.002132,0.527862,-1.626487,-0.770933,3.481169,-9.246407
133571826,0.108850,0.545315,-1.628485,-0.560243,3.457227,-8.887277
133611842,0.033041,0.531060,-1.621291,-0.632069,3.055001,-9.270349
133651834,-0.237818,0.470706,-1.581721,-0.703895,3.284845,-9.481039
133691912,-0.105253,0.458848,-1.459015,-0.713472,3.725378,-9.485827
133731852,-0.040769,0.402758,-1.494188,-0.636858,3.208230,-9.734824
133771874,-0.117643,0.343737,-1.457283,-0.679953,2.892196,-9.744401
133811873,-0.102322,0.350265,-1.373081,-0.617704,2.930503,-9.433155
133851850,-0.124571,0.299104,-1.297006,-0.617704,2.456451,-9.600749
133891905,-0.241149,0.258868,-1.223862,-0.938527,2.331953,-9.686940
133932792,-0.222896,0.252873,-1.123006,-1.168370,2.576161,-9.610326
133972784,-0.178930,0.214369,-0.999900,-1.369483,2.360683,-9.428367
134012801,-0.171868,0.173067,-0.959132,-1.608904,2.614468,-9.356541
134052800,-0.172002,0.206775,-0.925158,-1.786075,2.193089,-9.543288
134092849,-0.198248,0.215835,-0.949539,-1.972822,2.054225,-9.500193
134132864,-0.309363,0.188522,-0.886654,-1.766921,1.704672,-9.490616
134172847,-0.422077,0.223429,-0.844686,-2.044648,1.489193,-9.897630
134212812,-0.540253,0.366253,-0.877328,-1.709460,2.059013,-9.744401
134252818,-0.465110,0.491757,-0.773674,-1.709460,2.188300,-9.658210
134292847,-0.383839,0.687473,-0.813110,-1.680730,2.370260,-9.562442
134332825,-0.154415,0.882923,-0.753289,-1.618480,2.470816,-9.289502
134372870,-0.110848,1.055724,-0.726910,-1.340753,2.446874,-9.370906
134412861,-0.022516,1.163908,-0.717583,-1.000776,2.719813,-9.188946
134452860,-0.028911,1.246378,-0.695201,-0.684742,2.518700,-9.241618
134492883,-0.079806,1.218533,-0.667355,-0.349553,2.408567,-9.078813
134532844,-0.083136,1.192286,-0.609400,-0.349553,2.844312,-9.160215
134572842,0.021051,1.171369,-0.723712,0.134075,3.409343,-9.174581
134612923,0.043567,1.095827,-0.744629,0.565032,3.533842,-9.409213
134652839,0.110848,0.970590,-0.793259,0.608127,3.514688,-9.648633
134692849,0.183859,0.854545,-0.866270,1.125275,3.615245,-9.552865
134733803,0.041968,0.705193,-0.923026,1.259350,3.260903,-9.825804
134773812,0.158812,0.513740,-0.912900,1.412579,3.653552,-9.835381
134813809,0.174799,0.293642,-0.982980,1.757344,3.375824,-9.844957
134853857,0.176665,0.064351,-0.956734,1.709460,3.375824,-9.998186
134893828,0.190521,-0.133897,-1.001632,1.766921,3.371036,-9.648633
134933883,0.120574,-0.274323,-0.907038,1.685518,3.208230,-9.998186
134973836,0.149352,-0.411285,-0.867202,1.642422,3.576937,-9.955091
135013868,0.111115,-0.514006,-0.819372,1.441309,3.318364,-9.964667
135053876,0.023315,-0.578224,-0.769544,1.541866,3.596091,-10.026917
135093887,0.020651,-0.699331,-0.715851,1.450886,3.289633,-9.940725
135134828,-0.041302,-0.689338,-0.575026,1.249773,3.543418,-10.347740
135174804,0.142291,-0.670553,-0.518936,1.268927,3.859453,-10.060435
135214803,0.308963,-0.745562,-0.396496,0.948104,3.337517,-9.998186
135254812,0.558772,-0.672818,-0.276855,0.833182,3.404555,-9.768343
135294825,0.458982,-0.706392,-0.183593,1.201889,2.710236,-9.452309
135334868,0.363055,-0.712787,-0.039703,0.234632,2.604892,-9.629479
135374790,0.352930,-0.724778,0.099257,0.622492,2.600103,-9.528923
135414800,0.339207,-0.718916,0.289645,-0.148441,2.566584,-9.418790
135454806,0.300703,-0.715185,0.446325,-0.292093,2.748544,-9.476251
135494854,0.351331,-0.675216,0.597009,-0.416591,2.489970,-8.896853
135534841,0.244746,-0.614729,0.718783,-0.603339,2.226608,-8.949526
135574833,0.220098,-0.532259,0.928222,-0.943315,2.504335,-8.671799
135614818,0.252606,-0.408354,1.041735,-1.412579,2.432509,-8.638280
135654824,0.280052,-0.307631,1.157646,-1.398214,2.284068,-8.576031
135694918,0.057423,-0.186657,1.312594,-1.412579,2.394202,-8.547300
135734867,-0.007727,-0.076608,1.411985,-1.575385,2.844312,-8.796297
135774889,-0.089798,-0.024781,1.491790,-1.556231,3.390190,-8.887277
135814839,-0.002132,0.040369,1.470207,-1.762132,3.466804,-9.121908
135854873,-0.030510,0.166406,1.485662,-1.671153,3.466804,-9.232041
135894878,-0.025314,0.216101,1.454885,-1.565808,3.629610,-9.351752
135935812,-0.057556,0.293775,1.426507,-1.824382,4.472369,-9.662998
135974890,0.116977,0.403957,1.295674,-1.532289,4.304775,-9.390059
136015827,0.126969,0.450455,1.229325,-1.565808,4.141969,-9.581595
136055851,0.043034,0.517470,1.009760,-1.431733,4.050989,-9.490616
136095822,0.168005,0.590214,0.854145,-1.455675,4.041412,-9.662998
136135834,0.154015,0.561303,0.659495,-1.264138,3.849876,-9.543288
136175866,-0.041035,0.500816,0.560371,-1.316811,3.643975,-9.385271
136215846,-0.034507,0.527862,0.387703,-1.302446,3.974375,-9.289502
136255858,-0.029844,0.517070,0.184792,-1.010353,3.835511,-9.418790
136295845,-0.055291,0.473104,0.125104,-0.818817,3.878607,-9.461885
136335858,-0.023582,0.445792,-0.108184,-0.622492,3.849876,-9.232041
136375905,0.051294,0.415548,-0.282583,-0.287304,3.969586,-9.366117
136415852,-0.037971,0.404357,-0.395697,0.004788,3.974375,-9.447520
136455879,0.029444,0.435533,-0.603804,0.215478,4.094085,-9.275137
136495867,0.112181,0.447657,-0.705060,0.502782,3.821146,-9.452309
136535851,0.066216,0.390767,-0.770476,0.483629,3.576937,-9.380483
136575848,0.110449,0.333611,-0.876395,0.890643,3.557784,-9.241618
136616806,-0.090331,0.276855,-0.912501,0.612916,3.624821,-9.528923
136656831,-0.082737,0.198515,-0.988443,0.794875,3.974375,-9.639056
136696826,0.015188,0.148020,-1.015089,0.799663,4.462792,-9.600749
136736837,0.034773,0.069014,-1.083969,1.039083,4.228160,-9.595961
136776955,0.185458,0.038237,-1.103688,0.804452,4.146757,-9.552865
136816875,0.337608,-0.007328,-1.157913,1.077391,4.003105,-9.615114
136856865,0.337075,-0.068747,-1.114613,1.278504,3.768473,-9.490616
136896884,0.179196,-0.233688,-1.048130,1.029507,3.179500,-10.050858
136936877,0.230090,-0.309363,-1.047864,0.818817,3.782839,-9.888053
136976943,0.173867,-0.336942,-1.007228,0.660800,3.615245,-10.012551
137016888,0.446591,-0.389168,-0.925424,0.579397,3.725378,-10.189722
137056900,0.621391,-0.433801,-0.915832,0.761356,3.275268,-9.825804
137096948,0.581821,-0.394897,-0.791260,0.445322,2.398990,-10.175357
137136856,0.653499,-0.383706,-0.603404,0.287304,2.509123,-9.821015
137176927,0.473104,-0.413949,-0.449789,0.282516,1.762132,-10.017340
137216881,0.277787,-0.444992,-0.308830,0.071826,1.551443,-9.916783
137256861,0.217433,-0.499217,-0.138161,0.225055,2.044648,-9.725247
137297809,0.241282,-0.558905,0.061020,-0.009577,1.838747,-9.787497
137336863,0.336276,-0.633381,0.192253,0.052672,1.853112,-9.346964
137377828,0.332279,-0.607534,0.354928,-0.320823,1.508347,-9.131485
137417822,0.167871,-0.610998,0.487093,-0.694319,1.460463,-9.265560
137457882,0.175998,-0.559971,0.630850,-0.938527,1.853112,-8.935161
137497898,0.061420,-0.492556,0.757020,-1.201889,1.685518,-9.093178
137537844,0.098191,-0.452587,0.921028,-1.541866,1.996764,-9.054871
137577891,-0.002798,-0.387703,1.056790,-1.513135,2.317587,-8.767567
137617847,-0.000933,-0.302302,1.103155,-1.800440,2.485181,-8.944737
137657903,0.021850,-0.217966,1.156314,-1.996764,2.796428,-9.193734
137697884,0.035040,-0.120708,1.218533,-1.805228,2.748544,-8.954314
137737936,-0.001865,-0.077807,1.284216,-1.843535,2.930503,-9.299079
137777925,-0.053159,-0.018253,1.283950,-1.944092,3.332729,-9.006987
137817905,-0.108583,0.060753,1.274224,-1.929727,3.332729,-9.380483
137857970,-0.091930,0.103787,1.247577,-1.690306,4.141969,-9.418790
137897929,-0.015721,0.166539,1.155648,-2.169147,4.280833,-9.821015
137937893,0.060753,0.142424,1.054392,-1.824382,3.797204,-9.696517
137978863,0.003597,0.177730,0.959931,-1.848324,3.433285,-9.375694
138018878,-0.151084,0.132565,0.929688,-2.049437,3.447650,-9.586384
138058925,-0.072078,0.128835,0.810979,-1.905785,4.156334,-9.476251
138098894,0.009593,0.125637,0.679746,-1.747767,3.964798,-9.945514
138138941,0.216767,0.088599,0.571562,-1.527501,3.825934,-10.017340
138178867,0.287247,0.040502,0.458982,-1.398214,3.471592,-9.955091
138218884,0.266729,-0.059954,0.299770,-1.192312,3.145981,-9.926360
138258966,0.286047,-0.121374,0.190254,-1.412579,2.877831,-9.605537
138298863,0.175599,-0.135096,0.144956,-0.914585,2.384625,-9.275137
138338897,-0.029311,-0.226493,0.050495,-1.393425,2.466028,-9.662998
138378891,0.037571,-0.251541,0.011325,-0.981623,2.662352,-9.437943
138419832,-0.077008,-0.287380,-0.086467,-0.991200,2.451663,-9.351752
138459838,-0.102322,-0.289778,-0.101789,-1.115698,2.355895,-9.026140
138499852,-0.163608,-0.244746,-0.116711,-1.091756,1.905785,-8.844181
138539835,-0.230090,-0.252074,-0.182527,-1.757344,3.122039,-8.700529
138579852,-0.288312,-0.256870,-0.115245,-2.240973,3.576937,-8.700529
138619884,-0.080338,-0.179462,-0.164008,-1.699883,4.386178,-8.269572
138659887,-0.304300,-0.251407,-0.135629,-2.494758,5.166687,-9.404425
138699917,-0.191054,-0.209173,-0.130034,-2.767697,5.310339,-8.916007
138739874,-0.032242,-0.174666,-0.126303,-2.700660,5.267244,-8.441956
138779909,0.035440,-0.130966,-0.125237,-2.379837,4.817134,-8.374918
138819908,0.038504,-0.055424,-0.118709,-2.585738,4.654328,-8.475474
138859910,-0.024781,-0.005862,-0.056757,-2.652776,4.850653,-8.475474
138899860,0.025714,0.009326,-0.097659,-2.652776,4.774038,-8.518570
138939892,0.180662,0.047430,0.010392,-2.676718,4.223372,-8.853758
138979890,0.228492,0.042101,-0.014522,-2.437297,4.055778,-8.829816
139019884,0.226493,0.078606,0.016121,-2.466028,4.084508,-8.801086
139059889,0.180928,0.023982,0.059954,-2.379837,3.667917,-9.500193
139100859,0.150951,0.051560,0.063818,-2.595315,3.873818,-9.739613
139140891,0.147620,0.039570,0.096859,-2.513912,3.667917,-9.294291
139180904,0.155614,0.077807,0.071945,-2.288857,3.600879,-9.275137
139220863,0.220764,0.080472,0.086867,-2.446874,3.543418,-9.255983
139260866,0.414083,0.114979,0.076075,-1.977611,3.308787,-8.892065
139300883,0.392899,0.072211,0.145755,-1.934515,2.686294,-9.227253
139340878,0.225427,0.065550,0.218766,-1.656788,2.317587,-9.390059
139380876,0.155747,0.048363,0.222896,-1.493982,2.394202,-9.442732
139420863,0.064484,0.004530,0.186391,-1.403002,2.322376,-9.380483
139460981,0.060487,-0.005196,0.158145,-1.063026,2.533065,-9.366117
139500899,0.105519,-0.061286,0.159744,-1.326388,2.030283,-9.710882
139540954,0.163342,-0.068614,0.118176,-1.048660,1.953669,-9.528923
139580928,0.060620,-0.140426,0.164940,-1.077391,1.484405,-9.648633
139620916,0.027179,-0.206642,0.191320,-1.120486,1.608904,-9.811439
139661935,0.010658,-0.227825,0.111648,-1.149217,1.752556,-9.720459
139701847,-0.026247,-0.116311,0.146155,-0.995988,1.374272,-9.806650
139741889,-0.125237,-0.134830,0.120308,-1.288081,1.867477,-10.151415
139781890,0.031043,-0.092196,0.091263,-1.015141,1.771709,-9.682152
139821889,-0.017320,-0.057023,0.032775,-1.417367,1.240196,-10.089166
139861951,0.030643,-0.014655,0.069946,-1.000776,1.206678,-9.902418
139901882,0.035173,0.048629,0.091397,-1.302446,1.431733,-9.888053
139941865,-0.009859,-0.004930,0.106985,-1.359907,1.221043,-9.950302
139981907,-0.007594,0.013856,0.124571,-1.192312,1.436521,-9.821015
140021857,0.003730,0.077008,0.078606,-1.230620,1.546654,-9.873688
140061955,0.056623,0.115645,0.081404,-1.005565,1.776498,-9.768343
140101936,0.113513,0.051827,0.053692,-1.302446,2.087744,-9.950302
140141889,0.060753,0.007727,0.017054,-1.019930,2.308010,-10.098742
140181939,0.159345,0.059421,-0.011991,-1.503559,2.590526,-10.017340
140221888,0.098325,0.062752,0.026779,-1.168370,2.537854,-10.098742
140261894,0.053825,0.014655,-0.021717,-1.508347,2.849100,-9.811439
140301994,0.116311,0.021317,-0.099391,-1.316811,2.796428,-9.873688
140341939,0.167738,0.009326,-0.066216,-1.048660,2.624045,-9.672575
140381910,0.183992,0.001466,-0.060487,-1.446098,2.379837,-9.495404
140422893,0.132032,-0.028511,-0.082870,-1.403002,2.461239,-9.342175
140462896,0.065949,-0.025580,-0.029844,-1.699883,2.700660,-9.567230
140502895,0.098325,0.016787,-0.047564,-1.733402,3.074155,-9.428367
140542875,0.146021,0.008260,-0.027046,-1.948880,2.513912,-9.586384
140582860,0.081404,-0.019718,-0.072877,-1.982399,2.628834,-9.370906
140622929,0.083669,-0.038237,-0.048496,-2.092532,2.446874,-9.433155
140663004,-0.014922,-0.048763,-0.042368,-2.035071,2.829947,-9.490616
140702873,0.071279,-0.031176,0.005596,-2.092532,2.734178,-9.275137
140742898,-0.005063,-0.018652,-0.035040,-2.097321,2.628834,-9.356541
140782952,-0.020118,-0.089531,0.015455,-1.886631,2.442086,-9.107543
140822943,0.025980,-0.046498,-0.035440,-1.939303,2.437297,-9.203311
140862990,0.013723,-0.023982,-0.009193,-1.838747,2.317587,-9.241618
140902924,-0.058089,-0.089398,0.040902,-1.896208,2.892196,-9.447520
140942898,-0.052093,-0.047164,0.023715,-1.757344,2.786851,-9.308656
140982902,0.092862,-0.021583,-0.004930,-1.833959,2.025495,-9.490616
141023881,-0.059821,-0.072078,0.035040,-1.575385,2.384625,-9.576807
141063905,-0.126303,-0.053292,0.094461,-1.651999,2.475605,-9.562442
141103858,0.026247,-0.026113,0.001732,-1.920150,2.619257,-9.519346
141143867,-0.027446,-0.041302,0.051028,-1.886631,2.624045,-9.706094
141183897,-0.014655,-0.025047,0.020384,-1.709460,2.384625,-9.538500
141223918,-0.055025,-0.021583,0.015988,-1.929727,2.346318,-9.739613
141264028,-0.128302,-0.040902,-0.013057,-1.685518,2.839523,-9.509769
141303891,-0.074210,-0.056224,-0.018119,-1.800440,2.676718,-9.619903
141343901,-0.008793,-0.048363,-0.036905,-1.757344,2.480393,-9.433155
141383922,-0.021450,-0.012524,0.011591,-1.719037,2.418144,-9.572019
141423916,-0.053292,-0.019585,0.015721,-1.790863,2.576161,-9.615114
141463921,0.039703,0.008527,-0.020118,-1.795651,2.571373,-9.361329
141503954,-0.025980,0.007727,-0.033841,-1.728614,2.432509,-9.605537
141543904,-0.019851,0.053559,-0.041035,-1.771709,2.451663,-9.672575
141583908,-0.016920,0.023715,-0.044366,-1.738190,2.422932,-9.610326
141623964,0.020917,0.025714,-0.013190,-1.776498,2.667141,-9.476251
141664893,-0.003198,-0.018119,-0.046631,-1.776498,2.413355,-9.777920
141704858,0.021051,-0.003198,-0.034374,-1.709460,2.681506,-9.495404
141744862,0.025181,0.072877,-0.038237,-1.728614,2.346318,-9.528923
141784890,0.048896,-0.015588,-0.030643,-1.575385,2.494758,-9.461885
141824940,-0.042501,-0.034773,0.032775,-1.771709,2.456451,-9.538500
141864893,0.024381,-0.044233,-0.010925,-1.747767,2.580950,-9.495404
141904897,-0.066349,-0.006129,-0.006528,-1.671153,2.485181,-9.557653
141944894,0.008127,0.038770,-0.004130,-1.781286,2.513912,-9.509769
141984883,-0.031309,0.001865,0.013856,-1.699883,2.566584,-9.370906
142024936,-0.067681,0.005196,0.038770,-1.771709,2.571373,-9.519346
142064912,-0.037172,0.009060,0.030110,-1.613692,2.710236,-9.552865
142105889,-0.038904,-0.006395,-0.005329,-1.719037,2.748544,-9.658210
142144923,0.024248,0.057023,0.022250,-1.757344,2.748544,-9.576807
142184936,0.006262,0.010792,-0.003331,-1.805228,2.633622,-9.677363
142225063,0.008926,0.018253,-0.046897,-1.561020,2.624045,-9.308656
142265864,0.029444,0.030377,-0.023449,-1.508347,2.571373,-9.533711
142305862,-0.000933,0.028911,-0.001199,-1.819593,2.561796,-9.423578
142345911,-0.049828,0.017853,0.011058,-1.623269,2.638410,-9.495404
142385904,-0.016920,-0.007861,-0.028645,-1.738190,2.786851,-9.648633
142425931,-0.011325,-0.055025,-0.005729,-1.589750,2.777274,-9.457097
142465867,0.039303,-0.016521,-0.024115,-1.752556,2.676718,-9.581595
142505886,0.042368,-0.030910,-0.028778,-1.618480,2.494758,-9.773131
142545891,0.076608,0.013856,-0.039037,-1.604115,2.432509,-9.605537
142585936,-0.025447,-0.011591,-0.022250,-1.575385,2.600103,-9.409213
142625953,0.026913,-0.024914,0.004130,-1.618480,2.600103,-9.519346
142665908,-0.053426,0.002931,-0.000266,-1.647211,2.691083,-9.634268
142705937,0.023848,-0.011724,-0.026913,-1.565808,2.580950,-9.457097
142746895,0.012923,-0.017986,-0.060354,-1.728614,2.427721,-9.600749
142786924,-0.067815,-0.048363,0.023182,-1.412579,2.485181,-9.423578
142826933,0.008793,-0.017720,-0.047830,-1.647211,2.312799,-9.648633
142866890,-0.060887,-0.001599,-0.054891,-1.532289,2.585738,-9.667787
142906911,0.000799,-0.041568,-0.019052,-1.604115,2.729390,-9.696517
142946923,-0.013856,-0.034773,-0.051960,-1.800440,2.700660,-9.629479
142986907,-0.024115,-0.001599,-0.020784,-1.513135,2.662352,-9.629479
143026991,-0.001865,-0.006262,-0.039836,-1.714248,2.480393,-9.624691
143066942,-0.027712,0.060354,-0.035972,-1.666364,2.442086,-9.476251
143106908,0.026513,0.022383,-0.053959,-1.426944,2.480393,-9.246407
143146958,-0.022250,0.043300,0.006528,-1.881843,2.193089,-9.538500
143186921,-0.001599,0.123239,-0.016121,-1.589750,2.173935,-9.739613
143227029,0.040236,0.054092,-0.046498,-1.958457,2.126051,-9.840169
143267896,-0.001466,-0.026513,-0.034374,-2.178724,1.987187,-10.017340
143306956,0.074876,0.000133,-0.057423,-2.130840,2.082955,-9.935937
143348001,0.034507,-0.002132,-0.006528,-1.977611,1.757344,-9.701305
143387893,0.004530,-0.018253,-0.052626,-1.877054,2.039860,-9.370906
143427968,0.037305,-0.012124,0.037438,-1.881843,1.570596,-8.983045
143467972,0.027446,-0.019851,0.061953,-1.757344,1.642422,-8.801086
143507905,-0.177864,-0.058355,0.074077,-1.637634,1.958457,-8.748413
143547941,-0.093395,0.038637,0.119642,-1.776498,2.149993,-9.035717
143587930,-0.026380,0.064084,0.076208,-1.675941,2.585738,-8.762778
143627936,0.021317,0.074343,0.125770,-1.292869,2.389413,-8.623915
143667946,-0.006129,0.114312,0.112447,-1.517924,1.982399,-8.911219
143707964,-0.144023,0.108450,0.151750,-1.154005,2.662352,-9.040505
143747933,-0.215835,0.116711,0.152949,-1.513135,2.719813,-9.361329
143787941,-0.178397,0.028511,0.106851,-1.345541,3.711013,-9.251195
143828096,-0.090064,0.067948,0.087400,-1.637634,3.179500,-9.346964
143867981,0.208507,0.167338,0.047164,-0.809240,4.060566,-9.097966
143907959,0.179462,0.212904,0.101789,0.435745,3.299210,-9.773131
143947946,0.215968,0.169204,0.045432,-0.814029,3.840300,-9.303867
143988899,0.156413,0.124305,0.026913,-1.043872,3.658340,-9.390059
144028898,0.303900,0.137495,0.058089,-0.445322,2.959233,-9.179369
144068927,-0.130567,0.055957,-0.001199,-0.876278,2.379837,-9.600749
144109008,-0.604603,0.100057,0.027579,-1.541866,3.232172,-9.993398
144148962,-0.693735,-0.038770,0.040769,-0.742203,4.036624,-9.792285
144189019,-0.267795,0.047164,-0.047430,-0.948104,4.898537,-9.495404
144229009,-0.264730,0.018786,-0.085801,-0.933739,4.113238,-9.907207
144268950,-0.074343,-0.005196,-0.177864,-0.828394,4.774038,-10.223241
144309901,-0.231556,-0.228225,-0.056090,-0.574608,3.294421,-10.319010
144348972,0.001466,-0.164940,-0.362123,-2.418144,3.093309,-8.068460
144389942,-0.292709,-0.064884,-0.178530,-1.235408,3.983952,-9.265560
144429026,0.027046,0.164541,-0.418346,-2.700660,4.151546,-8.662222
144469916,-0.091397,-0.105786,-0.170403,-0.842759,3.969586,-8.868123
144509940,-0.162009,-0.107384,-0.180395,-1.766921,4.161122,-9.021352
144549944,-0.123639,0.008394,-0.164541,-1.173159,3.687071,-8.599973
144590011,-0.501216,-0.028245,-0.111781,-1.446098,3.725378,-8.777144
144629996,-0.524531,0.002931,-0.155747,-1.139640,4.735731,-8.350976
144669994,-0.454319,0.056623,-0.120708,-1.546654,5.061342,-8.959103
144709977,-0.292576,0.086067,-0.148020,-1.403002,5.181053,-8.973468
144750027,-0.057956,0.177464,-0.186657,-1.206678,4.639963,-8.829816
144790047,0.048896,0.184925,-0.164407,-1.470040,5.166687,-9.308656
144830937,-0.007727,0.194384,-0.187723,-1.407791,4.467580,-9.346964
144869955,0.006795,0.164141,-0.168937,-1.072602,4.328717,-9.141062
144909944,0.010126,0.176798,-0.076874,-1.053449,4.510676,-8.868123
144950957,0.028911,0.183193,-0.110715,-0.885855,4.247314,-8.389283
144991004,-0.031842,0.163208,-0.101522,-1.144428,4.352659,-8.657434
145030967,-0.110315,0.112714,-0.071012,-1.115698,5.018247,-8.935161
145070952,-0.409686,0.087799,-0.070879,-1.403002,5.315128,-9.481039
145110917,0.012923,0.119375,-0.040369,-0.694319,4.898537,-8.432379
145150924,0.146821,0.195184,-0.035573,-0.545878,4.711789,-8.609550
145190989,-0.119775,0.300303,-0.131499,0.028730,4.386178,-8.815451
145230931,0.398761,0.794325,-0.295374,-0.804452,4.141969,-8.269572
145270947,0.681078,0.274456,-0.077008,1.503559,4.414908,-7.177817
145310934,0.658562,0.242214,-0.088066,-1.968034,4.395754,-9.495404
145350977,0.230224,0.037172,-0.049162,-0.962469,3.988740,-10.132261
145391022,0.183726,0.166273,0.007594,-1.077391,4.022259,-9.169792
145431003,0.160410,0.027446,0.056357,-0.962469,3.763685,-9.543288
145471916,0.061020,-0.067948,0.054758,-1.005565,3.687071,-9.313444
145511923,0.132299,-0.147753,0.044899,-1.015141,3.763685,-9.054871
145551911,0.110049,0.043567,0.122573,-1.292869,3.940856,-9.174581
145592059,0.049562,-0.104986,0.070479,-0.861913,4.663905,-8.441956
145631942,0.347600,-0.018253,0.104187,-0.612916,3.145981,-9.797073
145671939,0.399694,0.216101,0.158412,-0.550666,2.930503,-10.716447
145711937,0.253406,0.066749,0.029311,1.034295,3.466804,-9.691729
145751956,0.235686,0.100057,0.031309,-0.780510,4.027047,-9.562442
145791970,0.145489,-0.026247,0.054625,-0.675165,3.778050,-9.825804
145831949,0.084335,0.377444,0.073011,-0.454898,3.600879,-9.126697
145871940,0.160544,-0.369584,0.011991,-1.958457,5.659893,-5.875371
145912928,-0.071812,-0.050628,-0.014655,-0.258574,2.877831,-8.896853
145951961,0.111115,0.049562,0.048363,-0.689530,3.706224,-9.265560
145992001,0.042101,-0.005196,0.021051,-0.469264,3.303998,-9.825804
146032939,0.092995,0.027046,-0.028511,-0.502782,3.490746,-9.155427
146072925,-0.014256,-0.022916,-0.030643,-0.316035,3.562572,-9.509769
146112932,0.032508,-0.012124,0.056757,-0.497994,3.514688,-9.394848
146152924,0.077141,0.004530,-0.032375,-0.339977,3.361459,-9.476251
146193006,0.128035,0.018919,-0.003730,-0.694319,3.265691,-9.447520
146232947,0.074210,0.011058,0.020518,-0.339977,3.141193,-9.346964
146272935,-0.012790,0.020251,0.005329,-0.344765,3.409343,-9.404425
146312971,0.128302,0.023315,-0.008926,-0.521936,3.299210,-9.370906
146352946,0.170003,0.057289,-0.007594,-0.555455,2.978387,-9.294291
146393025,-0.145222,-0.066482,0.033841,-0.555455,2.815581,-9.682152
146432968,0.044766,-0.033308,-0.025047,-0.493206,3.289633,-9.375694
146473925,-0.019452,-0.012257,-0.006928,-0.248997,3.691859,-9.610326
146513004,0.063685,0.035040,-0.052626,-0.339977,3.485958,-9.442732
146552974,0.084735,0.033841,-0.022916,-0.421380,2.930503,-9.404425
146593937,0.195317,0.019718,-0.085668,-0.995988,3.179500,-9.821015
146633971,0.113646,0.051560,-0.042767,-0.536301,3.203442,-9.308656
146673938,-0.037305,0.000266,-0.075675,-0.459687,2.676718,-9.935937
146713935,0.083136,0.027845,-0.082870,-0.292093,3.543418,-9.232041
146753915,-0.214902,0.076075,-0.099391,-0.483629,3.557784,-8.935161
146793970,0.079139,0.065550,-0.099524,-0.699107,3.519476,-9.959879
146833958,0.225960,0.023848,-0.097525,-0.239420,3.667917,-8.738836
146873971,0.099257,-0.169337,-0.133364,-0.675165,5.353435,-9.983821
146913937,-0.026247,-0.101256,-0.118443,0.047884,2.087744,-11.722012
146953989,0.058489,0.133364,-0.077407,0.138864,3.260903,-8.676587
146993948,0.173867,0.032642,-0.019851,-0.569820,2.580950,-10.649409
147034952,-0.014789,-0.055025,-0.055691,-0.153229,2.600103,-9.165004
147073943,0.058089,-0.017187,0.003730,-0.584185,2.920926,-9.500193
147114955,0.034107,-0.000799,-0.018786,-0.363919,3.083732,-9.696517
147154932,0.030110,-0.013590,-0.007594,-0.517148,3.074155,-9.404425
147194957,0.011325,-0.004263,-0.026380,-0.445322,2.868254,-9.600749
147234931,0.031043,-0.009459,0.020784,-0.483629,3.045424,-9.433155
147274931,0.024914,0.003198,-0.017587,-0.569820,3.069367,-9.504981
147314969,0.012391,0.016521,0.010925,-0.421380,3.035848,-9.586384
147354944,0.023582,0.023182,0.015721,-0.478840,3.117251,-9.562442
147394961,0.089132,0.007594,-0.034907,-0.526724,3.050213,-9.586384
147434970,0.020384,-0.008793,0.015055,-0.536301,3.045424,-9.643845
147474958,0.011325,-0.013190,-0.025047,-0.507571,2.868254,-9.332599
147514959,0.052626,0.001998,-0.028778,-0.713472,3.313575,-9.308656
147555945,-0.058089,0.019452,-0.032908,-0.316035,2.557007,-9.404425
147595004,0.008660,0.024781,-0.065949,-0.737414,3.112462,-9.495404
147635949,0.022783,0.013590,-0.018919,-0.569820,3.241749,-9.514558
147675937,-0.003331,-0.013057,0.015721,-0.598550,3.055001,-9.562442
147715972,-0.023582,0.009593,0.009726,-0.421380,3.002329,-9.562442
147755950,0.061553,-0.008793,-0.016787,-0.612916,3.150769,-9.528923
147796014,-0.020251,0.001865,-0.023049,-0.531513,3.399766,-9.481039
147835993,0.013856,-0.023982,0.020518,-0.541090,2.853889,-9.576807
147875944,0.037172,-0.015055,0.016387,-0.426168,2.925715,-9.639056
147915990,0.009859,0.015588,0.002931,-0.636858,3.241749,-9.447520
147956020,0.022783,-0.005729,0.061953,-0.651223,2.930503,-9.677363
147996076,0.007594,-0.005462,-0.012923,-0.531513,3.031059,-9.610326
148036015,0.042767,0.001599,0.015455,-0.488417,2.997541,-9.667787
148076967,-0.007594,-0.021717,0.027712,-0.517148,2.964022,-9.548077
148116022,0.028378,0.031576,0.002531,-0.560243,3.256114,-9.447520
148156972,0.013323,0.031176,-0.025714,-0.430956,2.911349,-9.591172
148196968,0.037172,-0.002398,-0.016654,-0.469264,2.896984,-9.686940
148236998,0.049162,0.008394,0.009060,-0.517148,3.035848,-9.442732
148277008,-0.021850,0.012257,-0.044366,-0.560243,3.074155,-9.639056
148317017,-0.006262,-0.004130,-0.016254,-0.512359,3.050213,-9.433155
148357037,0.039969,-0.030910,-0.013856,-0.560243,2.916138,-9.524135
148396964,0.021850,0.028245,0.003464,-0.459687,3.131616,-9.600749
148436998,-0.005862,0.022516,0.005995,-0.646435,3.102885,-9.504981
148476980,0.031842,0.017853,-0.007328,-0.636858,2.978387,-9.533711
148516988,0.038104,0.004130,-0.013590,-0.550666,2.973599,-9.634268
148557014,0.015322,-0.001732,0.022383,-0.464475,2.920926,-9.619903
148597945,-0.012923,-0.005995,-0.010126,-0.368707,2.700660,-9.624691
148637951,0.018519,-0.019452,-0.017187,-0.622492,2.896984,-9.476251
148677980,0.012657,-0.000133,-0.000133,-0.464475,3.031059,-9.643845
148717981,0.032109,-0.049562,0.010925,-0.608127,3.093309,-9.495404
148757993,0.011591,0.015322,0.021850,-0.512359,3.031059,-9.533711
148797952,0.041035,0.056623,0.005196,-0.459687,3.107674,-9.562442
148837971,0.033308,-0.009726,0.022516,-0.541090,3.055001,-9.514558
149319944,-0.025314,-0.004530,-0.034107,-0.454898,2.944868,-9.624691
149359069,0.047430,-0.019985,-0.003864,-0.541090,2.916138,-9.581595
149399007,0.040636,-0.010925,0.025181,-0.612916,3.055001,-9.576807
149438990,0.025714,-0.000933,0.003864,-0.430956,2.997541,-9.457097
149519969,-0.008127,-0.021583,-0.028112,-0.426168,2.925715,-9.615114
149559965,-0.000133,-0.016787,-0.039969,-0.579397,3.088520,-9.572019
149599947,-0.018786,-0.002931,-0.016787,-0.660800,2.887407,-9.538500
149639965,0.037838,-0.006795,-0.014256,-0.656011,2.834735,-9.567230
149679963,0.019718,-0.000799,0.013190,-0.435745,3.045424,-9.509769
149720006,-0.005063,-0.011325,-0.028511,-0.593762,2.920926,-9.495404
149759996,-0.014256,0.038237,-0.054758,-0.598550,3.045424,-9.619903
149799973,0.010925,-0.003997,-0.022916,-0.622492,2.987964,-9.528923
149839974,0.000933,-0.023049,-0.002531,-0.622492,3.035848,-9.485827
149879975,0.021850,-0.014789,-0.000133,-0.373495,3.050213,-9.543288
149919979,0.044499,-0.014389,-0.015188,-0.569820,3.045424,-9.581595
149959987,0.011724,-0.002265,0.019718,-0.531513,3.069367,-9.423578
150000016,-0.001732,-0.008394,-0.053825,-0.493206,3.035848,-9.581595
150039999,0.007194,-0.024381,0.014389,-0.483629,3.040636,-9.600749
150080058,0.033308,-0.025847,-0.027845,-0.536301,2.987964,-9.437943
150120960,-0.006928,-0.011991,-0.028245,-0.526724,3.078943,-9.557653
150160968,0.016521,-0.013057,-0.035573,-0.541090,3.035848,-9.385271
150200996,0.011724,0.009992,-0.006662,-0.478840,2.944868,-9.572019
150240976,0.059288,0.027312,-0.035573,-0.402226,3.021482,-9.543288
150281008,0.010925,0.011591,-0.013989,-0.531513,3.136404,-9.548077
150320977,-0.005729,-0.009859,0.027579,-0.483629,3.059790,-9.586384
150360991,0.028378,0.029977,-0.014522,-0.507571,2.978387,-9.557653
150401008,0.036505,0.004930,0.008260,-0.383072,3.016694,-9.567230
150441012,-0.004530,-0.012524,-0.015322,-0.632069,3.131616,-9.562442
150481042,0.044499,0.019585,-0.013989,-0.474052,2.906561,-9.514558
150521010,0.018253,0.034773,-0.003331,-0.507571,3.117251,-9.581595
150561957,4.365588,-0.000133,-0.000133,-0.598550,3.031059,-9.476251
150601971,0.022116,-0.004397,0.000533,-0.426168,2.944868,-9.385271
150641947,0.052760,-0.033708,0.044100,-0.565032,2.959233,-9.615114
150682027,0.039170,-0.019052,-0.015855,-0.493206,2.968810,-9.466674
150721965,0.027312,-0.021184,-0.004796,-0.603339,2.896984,-9.595961
150802037,0.010392,-0.016787,-0.030243,-0.670377,2.940080,-9.423578
150842023,0.004530,-0.016787,-0.016787,-0.660800,2.940080,-9.653421
150881980,-0.006395,0.014655,-0.003331,-0.612916,2.791639,-9.581595
150921999,0.023848,-0.026513,0.015055,-0.435745,3.007117,-9.572019
151003035,-0.013590,-0.004397,-0.005462,-0.517148,3.083732,-9.586384
151042972,0.058222,-0.034107,-0.015855,-0.517148,3.031059,-9.682152
151082979,-0.015455,0.003331,-0.054625,-0.569820,2.935291,-9.600749
151122999,0.031176,-0.014655,-0.009459,-0.641646,2.959233,-9.634268
151163171,0.025314,0.027312,-0.012657,-0.627281,2.920926,-9.591172
151203029,-0.009193,0.006129,-0.005329,-0.459687,3.098097,-9.452309
151242998,0.009193,-0.037305,-0.003464,-0.675165,2.873042,-9.490616
151283006,0.015322,0.003064,-0.031709,-0.555455,2.997541,-9.562442
151323036,0.017853,-0.014256,-0.024914,-0.459687,2.940080,-9.605537
151363115,0.039037,-0.000133,-0.024248,-0.478840,3.059790,-9.624691
151403978,-0.009459,-0.019319,-0.025847,-0.517148,2.992752,-9.552865
151443024,0.004663,0.000266,-0.009193,-0.469264,3.069367,-9.572019
151483023,0.027046,0.044632,-0.027046,-0.502782,3.002329,-9.715671
151523999,0.041168,-0.030776,-0.018919,-0.598550,3.112462,-9.605537
151563985,-0.001199,-0.006129,-0.004130,-0.545878,2.987964,-9.572019
151604020,0.015988,-0.044366,-0.014256,-0.512359,3.031059,-9.543288
151643979,0.003864,-0.000133,0.030377,-0.474052,2.987964,-9.533711
151683992,0.009859,-0.017320,0.001732,-0.703895,3.011906,-9.509769
151724030,-0.007461,0.016121,0.005862,-0.617704,3.117251,-9.562442
151764011,0.037438,0.009326,0.021717,-0.469264,2.944868,-9.504981
151804013,0.015855,0.001732,-0.056224,-0.588974,3.045424,-9.624691
151844005,-0.000133,0.006262,-0.009193,-0.646435,3.078943,-9.595961
151884002,0.032508,0.019452,-0.010925,-0.584185,3.007117,-9.509769
151924090,0.029178,-0.002931,-0.008394,-0.320823,3.059790,-9.576807
151964027,-0.013323,-0.028778,0.027312,-0.579397,2.992752,-9.567230
152004068,0.015988,-0.039170,0.000133,-0.574608,3.031059,-9.600749
152044016,0.026913,0.025847,-0.000133,-0.574608,3.002329,-9.634268
152686038,0.025580,-0.005596,-0.020251,-0.565032,3.007117,-9.557653
152726039,-0.001332,-0.017587,-0.022783,-0.459687,2.992752,-9.495404
152765998,0.029711,0.007328,-0.015455,-0.588974,3.155558,-9.447520
152806003,0.016121,-0.003997,-0.019718,-0.493206,3.102885,-9.639056
152886048,0.028245,0.009326,-0.020917,-0.407014,3.031059,-9.572019
152926063,0.030243,-0.011991,0.028911,-0.531513,2.940080,-9.509769
152966011,0.029044,0.002132,0.006928,-0.665588,2.983175,-9.667787
153006013,0.037305,-0.014389,0.001066,-0.469264,2.959233,-9.543288
153086991,0.060221,0.007861,-0.043034,-0.603339,3.040636,-9.648633
153127051,-0.015322,0.019052,-0.011591,-0.450110,3.035848,-9.591172
153167003,0.022649,-0.052493,-0.006395,-0.560243,2.834735,-9.639056
153206999,0.025314,-0.009326,-0.021184,-0.459687,3.088520,-9.634268
153247014,0.020118,0.000133,-0.007328,-0.526724,2.987964,-9.533711
153287059,0.004663,-0.017853,-0.009726,-0.560243,2.987964,-9.519346
153327023,0.038904,-0.035440,-0.008260,-0.555455,3.045424,-9.600749
153367047,0.001199,-0.016521,-0.026247,-0.584185,2.992752,-9.543288
153407047,0.007727,0.005329,-0.001732,-0.665588,2.930503,-9.404425
153447023,-0.003997,0.039836,-0.006928,-0.493206,3.040636,-9.658210
153487046,0.009992,0.013989,0.007594,-0.670377,3.102885,-9.624691
153527076,0.006928,0.028911,-0.009326,-0.483629,2.997541,-9.567230
153567025,0.000266,-0.029977,-0.022783,-0.512359,2.925715,-9.476251
153607027,0.008660,-0.013989,0.003064,-0.598550,2.964022,-9.548077
153647070,0.000666,0.004930,-0.032775,-0.464475,2.987964,-9.514558
153688040,0.045565,0.001599,-0.002665,-0.521936,3.007117,-9.514558
153727082,0.022250,-0.048629,0.017320,-0.612916,2.935291,-9.595961
153768001,0.031443,0.014256,-0.025980,-0.588974,3.002329,-9.538500
153808013,0.004930,-0.013190,0.000799,-0.474052,3.026271,-9.648633
153848005,0.001199,-0.012790,0.008394,-0.579397,3.045424,-9.495404
153888014,0.024381,-0.006662,0.001199,-0.569820,3.069367,-9.457097
153928040,0.023049,0.136296,-0.000133,-0.545878,2.930503,-9.586384
153968027,-0.007861,-0.025580,-0.004530,-0.464475,2.930503,-9.548077
154008031,-0.000666,-0.003464,-0.027046,-0.660800,3.150769,-9.572019
154048018,0.023982,0.013323,-0.023715,-0.579397,2.983175,-9.562442
154088044,0.034240,-0.015588,-0.021983,-0.560243,3.131616,-9.552865
154128038,0.051028,-0.000266,-0.006262,-0.541090,3.007117,-9.509769
154168027,0.029311,0.015988,-0.043700,-0.469264,2.949657,-9.490616
154208056,-0.007861,-0.030110,-0.012391,-0.497994,3.011906,-9.524135
154248031,0.025980,0.036239,-0.033574,-0.593762,2.992752,-9.581595
154289041,-0.020118,0.006129,0.017453,-0.541090,2.882619,-9.375694
154329041,-0.000133,-0.000133,-0.000133,-0.502782,3.069367,-9.630077
154369003,0.001865,-0.019185,-0.031043,-0.493206,3.136404,-9.528923
154409020,0.027179,0.017187,-0.020784,-0.378284,3.035848,-9.442732
154449027,-0.023582,0.031576,-0.015588,-0.588974,2.925715,-9.548077
154489079,-0.008527,0.042634,-0.018119,-0.555455,3.055001,-9.414001
154569062,0.034507,0.004796,-0.013057,-0.531513,3.031059,-9.811439
154609022,0.023449,0.009859,-0.040636,-0.517148,3.122039,-9.260772
154649039,0.005596,0.044899,-0.052893,-0.593762,2.978387,-9.452309
154689087,0.042767,-0.007461,-0.048629,-0.636858,3.050213,-9.586384
154769988,0.029178,0.020118,-0.001332,-0.598550,2.983175,-9.600749
154809040,0.041835,0.033574,0.005196,-0.497994,2.978387,-9.581595
154849060,0.019985,-0.023449,-0.001332,-0.512359,2.858677,-9.696517
154889061,0.028245,0.009193,-0.010792,-0.440533,2.973599,-9.528923
154970080,0.024648,-0.045832,-0.022383,-0.483629,3.011906,-9.457097
155009996,0.000933,0.063152,0.023449,-0.378284,3.107674,-9.557653
155050066,-0.000799,0.003064,-0.004796,-0.435745,2.896984,-9.586384
155090120,0.015988,-0.027979,-0.001332,-0.536301,2.930503,-9.648633
155170070,0.004663,0.001998,-0.014256,-0.526724,3.011906,-9.572019
155210038,0.006795,0.014123,-0.033574,-0.450110,3.021482,-9.519346
155250014,0.003730,0.012790,0.009726,-0.531513,3.011906,-9.552865
155290098,0.043700,0.010925,-0.013856,-0.411803,3.035848,-9.557653
155371029,0.025980,0.015721,-0.015588,-0.474052,3.069367,-9.437943
155411041,-0.011325,0.026380,-0.017320,-0.512359,3.045424,-9.457097
155451024,0.003997,0.006395,0.017320,-0.478840,2.983175,-9.485827
155491107,0.007861,-0.018652,0.008527,-0.416591,2.964022,-9.648633
155531055,0.018919,0.000933,-0.021583,-0.474052,3.026271,-9.610326
155571043,0.010658,0.012524,-0.034240,-0.488417,2.940080,-9.610326
155611057,0.039037,-0.000133,-0.000133,-0.536301,3.040636,-9.600749
155812063,-0.000133,-0.000133,-0.000133,0.000000,0.000000,19.612701
156012062,-0.000133,-0.000133,-0.000133,19.612701,-0.000599,-0.000599
156252084,0.024381,-0.023582,0.019052,-0.565032,3.179500,-9.528923
156292187,0.000799,-0.023182,0.008260,-0.536301,2.959233,-9.543288
156332089,0.017986,-0.011724,0.014389,-0.450110,3.007117,-9.639056
156372112,-0.007061,0.003331,0.022916,-0.488417,2.892196,-9.548077
156453059,0.025714,-0.005596,0.009992,-0.675165,3.021482,-9.591172
156493067,0.000400,-0.002132,-0.020917,-0.627281,3.059790,-9.576807
156532074,0.025980,0.024648,0.006395,-0.483629,2.906561,-9.572019
156573083,-0.003597,0.016521,-0.015188,-0.565032,2.997541,-9.658210
156653069,0.004397,-0.025580,-0.023848,-0.440533,2.964022,-9.500193
156693065,0.011858,-0.020651,0.009193,-0.598550,2.940080,-9.466674
156733033,0.021583,0.025847,0.030910,-0.517148,2.959233,-9.777920
156773076,0.010925,0.016387,-0.042634,-0.565032,2.992752,-9.524135
156853080,0.018119,0.039570,0.002665,-0.622492,2.973599,-9.557653
156893088,-0.018386,0.025714,0.002398,-0.378284,3.088520,-9.481039
156933066,0.040502,-0.005196,-0.024515,-0.512359,3.050213,-9.528923
156973105,-0.011724,0.016254,-0.001732,-0.464475,2.954445,-9.414001
157054059,0.015322,0.015322,-0.024248,-0.593762,2.954445,-9.691729
157093120,0.033308,0.026646,-0.035706,-0.478840,3.045424,-9.686940
157133088,0.006262,-0.034240,-0.025847,-0.541090,3.002329,-9.562442
157173115,0.017720,-0.049029,-0.026513,-0.536301,3.050213,-9.567230
157214021,0.003730,-0.024648,-0.047697,-0.512359,3.031059,-9.495404
157254038,0.017853,-0.009193,-0.006262,-0.636858,3.064578,-9.519346
157294041,0.019585,-0.036772,-0.044499,-0.517148,2.973599,-9.643845
157334037,0.041435,0.031176,-0.018786,-0.622492,2.825158,-9.519346
157374041,0.060887,-0.007061,0.064484,-0.603339,2.786851,-9.849746
157414038,0.036772,0.033441,0.176798,-0.253785,3.366248,-9.998186
157454058,0.040636,-0.041035,-0.149619,-0.383072,2.873042,-9.538500
157494085,0.047164,-0.059821,-0.029178,-0.459687,2.882619,-9.710882
157534065,-0.011191,-0.173067,0.057156,-0.450110,2.949657,-9.423578
157574058,0.149352,-0.238617,0.141625,-1.110910,2.987964,-8.274361
157614105,-0.013057,-0.015322,-0.029577,-0.622492,3.021482,-9.519346
157654108,0.030910,-0.024381,-0.019718,-0.541090,2.964022,-9.528923
157694128,-0.072744,-0.029311,-0.006395,-0.545878,3.059790,-9.624691
157734109,-0.042234,-0.010792,0.150152,-0.517148,3.074155,-9.538500
157774078,-0.013190,-0.061686,-0.001998,-0.497994,2.987964,-9.543288
157814079,-0.009060,0.103787,0.035706,-0.560243,2.983175,-9.686940
157854094,0.025714,-0.039703,0.021850,-0.646435,2.954445,-9.418790
157894138,0.012124,-0.000133,-0.000133,-0.531513,2.925715,-9.562442
158255098,-0.004263,-0.031842,-0.041701,-0.474052,3.150769,-9.466674
158336068,-0.037838,-0.036239,0.052626,-0.493206,3.040636,-9.610326
158375070,0.047564,0.034907,-0.002931,-0.387861,3.141193,-9.514558
158455086,0.035839,0.048763,-0.021583,-0.565032,3.107674,-9.615114
158536101,0.031842,0.069147,-0.017453,-0.569820,3.155558,-9.495404
158575087,0.008527,-0.066083,-0.028378,-0.464475,3.069367,-9.366117
158656097,0.030243,0.001332,-0.008127,-0.555455,3.236961,-9.686940
158736078,-0.054758,0.139227,0.004130,-0.588974,2.935291,-9.581595
158776060,0.035040,-0.049562,-0.007727,-0.430956,3.093309,-9.509769
158856082,0.019319,0.006928,0.016121,-0.612916,3.002329,-9.610326
158936085,0.034374,-0.003597,0.001599,-0.474052,2.930503,-9.490616
158976083,0.016254,-0.007727,-0.040636,-0.569820,3.078943,-9.562442
159057127,-0.017853,-0.041168,-0.071145,-0.560243,2.849100,-9.696517
159137066,0.016787,-0.016254,-0.024248,-0.569820,3.045424,-9.437943
159176099,0.035706,0.005596,-0.031709,-0.612916,2.997541,-9.706094
159257081,0.019319,-0.001332,-0.024381,-0.502782,2.949657,-9.701305
159337089,0.002665,-0.001199,0.000933,-0.531513,2.973599,-9.701305
159377115,0.028911,-0.007194,-0.001998,-0.622492,3.045424,-9.624691
159457165,0.007594,0.003997,-0.001466,-0.497994,2.954445,-9.538500
159537125,0.031443,-0.015188,0.000799,-0.454898,2.916138,-9.639056
159577117,0.039303,0.021184,-0.000133,-0.541090,2.882619,-9.528923
159657271,0.011191,0.024248,-0.005862,-0.550666,3.011906,-9.552865
159738076,-0.017320,-0.022383,0.019718,-0.550666,2.944868,-9.567230
159777109,2.182727,-0.000133,-0.000133,-0.397437,2.973599,-9.524135
159858074,0.010126,-0.031176,0.002531,-0.440533,3.035848,-9.643845
159938069,0.020518,0.054092,0.042900,-0.588974,2.983175,-9.313444
159978115,-0.000133,-0.000133,-0.000133,-0.469264,4.902727,-0.000599
160018125,0.160943,0.011325,0.005462,-0.555455,2.734178,-10.342952
160058162,0.033708,-0.045965,0.004530,-0.464475,3.026271,-9.428367
160138108,-0.032642,0.012124,-0.033441,-0.521936,2.873042,-9.188946
160218135,0.046498,-0.011191,-0.001865,-0.694319,3.059790,-9.471462
160258174,0.035306,0.025447,-0.029844,-0.756568,2.959233,-9.327810
160339080,0.005196,0.072478,-0.107251,-0.842759,2.887407,-9.437943
160378159,0.020384,-0.068881,-0.032242,-0.440533,2.552219,-9.136273
160419101,0.014256,-0.160277,0.001466,-0.416591,2.250550,-10.232818
160459186,-0.000400,0.009326,-0.011458,-0.478840,2.877831,-9.490616
160499082,0.011991,-0.025980,0.018919,-0.517148,3.093309,-9.423578
160539088,0.029044,0.014655,0.005329,-0.330400,2.954445,-9.619903
160579119,0.043833,0.072211,0.010259,-0.526724,3.040636,-9.701305
160619105,0.055957,0.102188,0.019185,-0.545878,2.839523,-9.461885
160659175,0.026513,-0.031709,-0.028645,-0.598550,3.074155,-9.414001
160739118,0.041302,-0.005196,0.005596,-0.531513,2.868254,-9.682152
160820077,0.013323,-0.009593,-0.020384,-0.397437,2.719813,-9.662998
160859225,0.043833,-0.029311,-0.034773,-0.622492,2.940080,-9.562442
160940106,0.026380,0.000133,0.005196,-0.588974,2.853889,-9.648633
161020126,0.019319,-0.055424,0.028245,-0.526724,2.863465,-9.552865
161060102,-0.005729,0.011058,-0.017453,-0.483629,2.916138,-9.538500
161140132,0.043433,0.014389,-0.013590,-0.483629,2.964022,-9.548077
161220132,0.013989,0.018919,-0.016787,-0.588974,2.968810,-9.591172
161260154,-0.000266,-0.027712,0.012790,-0.421380,2.906561,-9.533711
161340113,0.019585,-0.029311,0.000000,-0.507571,2.949657,-9.610326
161420175,0.040769,0.009992,-0.034240,-0.502782,2.978387,-9.710882
161460173,0.046098,-0.049962,-0.000133,-0.282516,2.327164,-9.715671
161541096,0.003464,0.011858,-0.000933,-0.416591,3.007117,-9.576807
161621088,0.003730,0.055025,0.017187,-0.440533,2.863465,-9.572019
161741176,0.031709,-0.009459,-0.019851,-0.507571,2.825158,-9.524135
161821108,0.008793,-0.034640,-0.009459,-0.579397,2.863465,-9.648633
161941162,-0.006262,-0.030243,-0.017853,-0.426168,2.877831,-9.409213
162021168,0.012124,0.003864,-0.028112,-0.440533,2.810793,-9.706094
162142099,0.030377,-0.035839,-0.017320,-0.454898,2.762909,-9.615114
162222105,0.014123,-0.003064,-0.042767,-0.402226,2.959233,-9.634268
162302134,0.004930,-0.047430,0.026913,-0.536301,2.877831,-9.595961
162342089,0.011991,-0.021051,0.008127,-0.459687,2.825158,-9.572019
162422153,0.003331,0.045165,-0.037172,-0.684742,3.035848,-9.548077
162502135,0.017853,-0.029977,-0.030110,-0.555455,2.911349,-9.686940
162542132,-0.005462,0.021717,-0.096193,-0.387861,2.930503,-9.787497
162622188,0.061020,0.013323,0.043167,-0.354342,3.203442,-9.581595
162702159,0.075142,-0.136029,0.026380,-0.517148,2.987964,-9.634268
162742151,-0.009726,0.058222,-0.012923,-0.550666,2.992752,-9.581595
162782128,-0.099790,0.189855,-0.040769,-0.450110,3.007117,-9.677363
162822130,0.026513,0.061020,-0.011325,-0.426168,2.973599,-9.552865
162903134,-0.025314,-0.004796,-0.057689,-0.435745,2.628834,-9.514558
162943105,-0.006395,-0.048763,0.001332,-0.411803,2.853889,-9.615114
163023168,-0.008660,-0.036372,-0.005196,-0.445322,2.844312,-9.600749
163103129,0.005729,0.009060,-0.010525,-0.474052,2.863465,-9.562442
163143146,0.022516,-0.009060,-0.006795,-0.450110,2.896984,-9.533711
163223180,0.013723,0.005862,-0.012790,-0.416591,2.695871,-9.653421
163304128,0.031709,-0.013989,-0.036372,-0.502782,2.753332,-9.485827
163343159,0.005196,0.008127,-0.008660,-0.536301,2.930503,-9.667787
163424152,0.019985,-0.006528,-0.020917,-0.407014,2.829947,-9.639056
163504138,-0.014256,-0.002798,-0.032375,-0.545878,2.825158,-9.562442
163544107,0.053159,-0.000133,-0.000133,-0.541090,2.806004,-9.548077
163624168,0.024115,0.012524,-0.013323,-0.450110,2.796428,-9.543288
163704169,-0.074609,0.140825,-0.041435,-0.430956,1.383849,-10.074800
163744127,0.021717,1.091297,-0.000133,-0.517148,2.964022,-9.706094
163784134,0.040502,-0.006129,-0.027046,-0.507571,2.973599,-9.691729
163824147,0.068614,0.191853,-0.071945,-0.306458,2.849100,-9.792285
163904170,-0.008260,0.021450,0.042634,-0.363919,3.236961,-9.849746
163985134,0.026380,-0.019319,0.022783,-0.555455,2.839523,-9.691729
164025258,-0.005596,-0.045432,-0.029711,-0.435745,3.011906,-9.437943
164105174,0.009726,-0.023315,0.036505,-0.545878,2.834735,-9.639056
164185137,0.000666,0.012790,-0.011591,-0.584185,2.954445,-9.624691
164225258,0.008793,0.003864,-0.026113,-0.493206,2.978387,-9.495404
164305186,0.004930,-0.016521,-0.041568,-0.502782,2.839523,-9.576807
164386112,0.021583,-0.013323,-0.017320,-0.603339,2.791639,-9.624691
164425244,0.022116,-0.037571,0.014922,-0.459687,2.916138,-9.720459
164506126,0.001332,0.003730,-0.007861,-0.612916,2.920926,-9.562442
164586152,0.018253,-0.000266,-0.014655,-0.469264,2.834735,-9.624691
164626148,0.023449,0.031709,-0.037305,-0.349553,2.868254,-9.753978
164706130,0.018119,-0.044100,0.002665,-0.469264,2.973599,-9.615114
164786133,0.000133,-0.027579,0.012124,-0.435745,2.882619,-9.457097
164826177,0.009859,-0.018119,0.007194,-0.411803,2.887407,-9.514558
164907126,0.000000,-0.002665,-0.023715,-0.507571,2.873042,-9.500193
164987143,0.019052,-0.005196,-0.008926,-0.378284,2.916138,-9.686940
165027145,0.015322,-0.051161,-0.022783,-0.488417,2.796428,-9.567230
165107173,0.015721,-0.025181,-0.013323,-0.272939,2.968810,-9.701305
165187166,0.033308,0.019052,-0.007061,-0.493206,2.815581,-9.600749
165227196,-0.018386,-0.000133,-0.000133,-0.574608,2.944868,-9.639056
165308128,-0.014922,-0.007861,-0.021051,-0.483629,2.906561,-9.691729
165388127,0.026913,-0.017986,0.003597,-0.392649,2.810793,-9.581595
165508199,0.010658,0.030510,0.011724,-0.521936,2.829947,-9.624691
165588157,0.019052,-0.028911,-0.031709,-0.574608,2.796428,-9.715671
165668234,0.029977,-0.027845,-0.004530,-0.454898,2.796428,-9.648633
165708183,0.006795,0.022516,-0.023049,-0.483629,2.954445,-9.500193
165788166,0.007994,0.008260,0.000266,-0.483629,2.868254,-9.548077
165869142,-0.029178,0.005063,-0.014389,-0.507571,2.968810,-9.552865
165908166,0.022116,0.034374,-0.018253,-0.421380,2.892196,-9.485827
165989167,-0.001599,-0.002132,-0.015988,-0.536301,2.944868,-9.615114
166069198,-0.006262,-0.018386,-0.008394,-0.383072,2.839523,-9.591172
166109173,0.041835,0.002398,-0.010525,-0.440533,2.877831,-9.500193
166189173,0.010658,-0.041835,0.000400,-0.526724,2.887407,-9.552865
166269216,0.059155,-0.006795,-0.005862,-0.474052,2.940080,-9.600749
166309174,-0.003730,-0.004130,-0.001066,-0.517148,2.801216,-9.672575
166389228,0.001466,0.021184,-0.004263,-0.493206,2.887407,-9.605537
166470147,0.008527,0.026779,-0.013057,-0.426168,2.849100,-9.605537
166509233,0.003864,-0.031842,-0.010392,-0.608127,3.045424,-9.586384
166590214,0.011458,-0.013323,-0.007594,-0.474052,3.031059,-9.682152
166670193,0.023315,0.000266,0.008127,-0.517148,2.858677,-9.653421
166710163,0.011058,-0.050628,-0.012790,-0.474052,2.930503,-9.686940
166790230,-0.002531,-0.003198,0.014389,-0.430956,2.892196,-9.648633
166870195,0.027179,0.004663,0.014522,-0.411803,2.944868,-9.610326
166910160,0.017720,0.009326,0.068081,-0.526724,2.853889,-9.514558
166991196,0.015855,-0.041701,-0.032508,-0.608127,2.853889,-9.744401
167071182,-0.012124,0.021983,-0.013456,-0.392649,2.944868,-9.672575
167110250,0.012657,-0.000133,-0.000133,-0.478840,2.901773,-9.648633
167191265,0.015322,0.004397,-0.021184,-0.488417,2.906561,-9.533711
167271179,0.001199,-0.019718,0.008793,-0.407014,2.777274,-9.753978
167311175,-0.000133,-0.000133,-0.000133,-0.574608,2.877831,-8.581417
167351180,0.013190,-0.029977,0.014256,-0.383072,2.815581,-9.562442
167391218,-0.005196,-0.002132,-0.031443,-0.512359,2.767697,-9.691729
167471182,0.051694,0.011724,0.009992,-0.521936,2.806004,-9.730036
167591269,0.023982,-0.033841,0.027312,-0.531513,3.026271,-9.586384
167671198,0.023449,0.036239,0.005063,-0.363919,2.873042,-9.605537
167752163,0.004530,0.012923,0.006129,-0.363919,3.055001,-9.720459
167791219,0.014655,-0.021184,0.001199,-0.440533,2.892196,-9.605537
167872175,0.010525,0.005462,-0.010792,-0.454898,2.868254,-9.595961
167952180,-0.000133,-0.031309,0.010126,-0.411803,2.849100,-9.624691
167992197,-0.008660,-0.003198,0.000133,-0.402226,2.810793,-9.586384
168072191,0.003464,-0.001332,-0.022516,-0.512359,2.839523,-9.691729
168152190,0.029044,-0.021317,-0.035306,-0.550666,2.868254,-9.686940
